[{"model": "admin.logentry", "pk": 1, "fields": {"action_time": "2025-12-28T17:50:54.616Z", "user": 2, "content_type": 27, "object_id": "1", "object_repr": "MediaImage/images/images.175008.019947.Haaland.jpg", "action_flag": 1, "change_message": "[{\"added\": {}}]"}}, {"model": "admin.logentry", "pk": 2, "fields": {"action_time": "2025-12-28T17:50:58.114Z", "user": 2, "content_type": 35, "object_id": "1", "object_repr": "Halaand Goal Breaking Season", "action_flag": 1, "change_message": "[{\"added\": {}}, {\"added\": {\"name\": \"object image\", \"object\": \"1\"}}]"}}, {"model": "admin.logentry", "pk": 3, "fields": {"action_time": "2025-12-28T17:51:00.489Z", "user": 2, "content_type": 50, "object_id": "1", "object_repr": "The Viking's Conquest", "action_flag": 1, "change_message": "[{\"added\": {}}]"}}, {"model": "admin.logentry", "pk": 4, "fields": {"action_time": "2025-12-28T17:52:59.303Z", "user": 2, "content_type": 27, "object_id": "2", "object_repr": "MediaImage/images/images.175008.019947.7849c687f82acf2d5c7c0c3b1a9d48cb.jpg", "action_flag": 1, "change_message": "[{\"added\": {}}]"}}, {"model": "admin.logentry", "pk": 5, "fields": {"action_time": "2025-12-28T17:53:01.927Z", "user": 2, "content_type": 35, "object_id": "2", "object_repr": "El Classico", "action_flag": 1, "change_message": "[{\"added\": {}}, {\"added\": {\"name\": \"object image\", \"object\": \"2\"}}]"}}, {"model": "admin.logentry", "pk": 6, "fields": {"action_time": "2025-12-28T17:53:07.933Z", "user": 2, "content_type": 50, "object_id": "2", "object_repr": "El Clásico Preview", "action_flag": 1, "change_message": "[{\"added\": {}}]"}}, {"model": "admin.logentry", "pk": 7, "fields": {"action_time": "2025-12-28T17:54:00.196Z", "user": 2, "content_type": 27, "object_id": "3", "object_repr": "MediaImage/images/images.175008.019947.5ba4a00e2ad720dc39940441512f1f97.jpg", "action_flag": 1, "change_message": "[{\"added\": {}}]"}}, {"model": "admin.logentry", "pk": 8, "fields": {"action_time": "2025-12-28T17:54:01.524Z", "user": 2, "content_type": 35, "object_id": "3", "object_repr": "The Special One", "action_flag": 1, "change_message": "[{\"added\": {}}, {\"added\": {\"name\": \"object image\", \"object\": \"3\"}}]"}}, {"model": "admin.logentry", "pk": 9, "fields": {"action_time": "2025-12-28T17:54:04.520Z", "user": 2, "content_type": 50, "object_id": "3", "object_repr": "The Special One", "action_flag": 1, "change_message": "[{\"added\": {}}]"}}, {"model": "admin.logentry", "pk": 10, "fields": {"action_time": "2025-12-28T17:56:26.230Z", "user": 2, "content_type": 27, "object_id": "4", "object_repr": "MediaImage/images/images.175008.019947.Made_in_Lamasia.jpg", "action_flag": 1, "change_message": "[{\"added\": {}}]"}}, {"model": "admin.logentry", "pk": 11, "fields": {"action_time": "2025-12-28T17:58:33.081Z", "user": 2, "content_type": 35, "object_id": "4", "object_repr": "Made In Lamasia", "action_flag": 1, "change_message": "[{\"added\": {}}, {\"added\": {\"name\": \"object image\", \"object\": \"4\"}}]"}}, {"model": "admin.logentry", "pk": 12, "fields": {"action_time": "2025-12-28T18:01:28.221Z", "user": 2, "content_type": 27, "object_id": "5", "object_repr": "MediaImage/images/images.175008.019947.ed753b51e21dac95d446c84c7f5f4e81.jpg", "action_flag": 1, "change_message": "[{\"added\": {}}]"}}, {"model": "admin.logentry", "pk": 13, "fields": {"action_time": "2025-12-28T18:01:31.448Z", "user": 2, "content_type": 35, "object_id": "4", "object_repr": "Made In Lamasia", "action_flag": 2, "change_message": "[{\"added\": {\"name\": \"object image\", \"object\": \"5\"}}]"}}, {"model": "admin.logentry", "pk": 14, "fields": {"action_time": "2025-12-28T18:01:33.728Z", "user": 2, "content_type": 50, "object_id": "4", "object_repr": "La Masia's Jewels", "action_flag": 1, "change_message": "[{\"added\": {}}]"}}, {"model": "admin.logentry", "pk": 15, "fields": {"action_time": "2025-12-28T18:18:54.258Z", "user": 2, "content_type": 27, "object_id": "6", "object_repr": "MediaImage/images/images.175008.019947.brazil_1970.jpg", "action_flag": 1, "change_message": "[{\"added\": {}}]"}}, {"model": "admin.logentry", "pk": 16, "fields": {"action_time": "2025-12-28T18:18:55.845Z", "user": 2, "content_type": 35, "object_id": "5", "object_repr": "Brazil 1970", "action_flag": 1, "change_message": "[{\"added\": {}}, {\"added\": {\"name\": \"object image\", \"object\": \"6\"}}]"}}, {"model": "admin.logentry", "pk": 17, "fields": {"action_time": "2025-12-28T18:19:00.071Z", "user": 2, "content_type": 50, "object_id": "5", "object_repr": "Samba Magic", "action_flag": 1, "change_message": "[{\"added\": {}}]"}}, {"model": "admin.logentry", "pk": 18, "fields": {"action_time": "2025-12-28T18:22:52.664Z", "user": 2, "content_type": 27, "object_id": "7", "object_repr": "MediaImage/images/images.175008.019947.maradona.jpg", "action_flag": 1, "change_message": "[{\"added\": {}}]"}}, {"model": "admin.logentry", "pk": 19, "fields": {"action_time": "2025-12-28T18:23:15.562Z", "user": 2, "content_type": 27, "object_id": "8", "object_repr": "MediaImage/images/images.175008.019947.Maradona_Napoli.jpg", "action_flag": 1, "change_message": "[{\"added\": {}}]"}}, {"model": "admin.logentry", "pk": 20, "fields": {"action_time": "2025-12-28T18:23:17.624Z", "user": 2, "content_type": 35, "object_id": "6", "object_repr": "Maradona", "action_flag": 1, "change_message": "[{\"added\": {}}, {\"added\": {\"name\": \"object image\", \"object\": \"7\"}}, {\"added\": {\"name\": \"object image\", \"object\": \"8\"}}]"}}, {"model": "admin.logentry", "pk": 21, "fields": {"action_time": "2025-12-28T18:23:20.320Z", "user": 2, "content_type": 50, "object_id": "6", "object_repr": "The Maradona Naples Story", "action_flag": 1, "change_message": "[{\"added\": {}}]"}}, {"model": "admin.logentry", "pk": 22, "fields": {"action_time": "2025-12-28T18:27:16.408Z", "user": 2, "content_type": 27, "object_id": "9", "object_repr": "MediaImage/images/images.175008.019947.Arsenal_Invincbles.jpg", "action_flag": 1, "change_message": "[{\"added\": {}}]"}}, {"model": "admin.logentry", "pk": 23, "fields": {"action_time": "2025-12-28T18:27:34.759Z", "user": 2, "content_type": 27, "object_id": "10", "object_repr": "MediaImage/images/images.175008.019947.invincibles_2.jpg", "action_flag": 1, "change_message": "[{\"added\": {}}]"}}, {"model": "admin.logentry", "pk": 24, "fields": {"action_time": "2025-12-28T18:27:55.060Z", "user": 2, "content_type": 27, "object_id": "11", "object_repr": "MediaImage/images/images.175008.019947.invincibles.jpg", "action_flag": 1, "change_message": "[{\"added\": {}}]"}}, {"model": "admin.logentry", "pk": 25, "fields": {"action_time": "2025-12-28T18:28:19.785Z", "user": 2, "content_type": 27, "object_id": "12", "object_repr": "MediaImage/images/images.175008.019947.The_wenger_boys.jpg", "action_flag": 1, "change_message": "[{\"added\": {}}]"}}, {"model": "admin.logentry", "pk": 26, "fields": {"action_time": "2025-12-28T18:28:22.754Z", "user": 2, "content_type": 35, "object_id": "7", "object_repr": "Arsenal the Invincibles", "action_flag": 1, "change_message": "[{\"added\": {}}, {\"added\": {\"name\": \"object image\", \"object\": \"9\"}}, {\"added\": {\"name\": \"object image\", \"object\": \"10\"}}, {\"added\": {\"name\": \"object image\", \"object\": \"11\"}}, {\"added\": {\"name\": \"object image\", \"object\": \"12\"}}]"}}, {"model": "admin.logentry", "pk": 27, "fields": {"action_time": "2025-12-28T18:28:31.110Z", "user": 2, "content_type": 50, "object_id": "7", "object_repr": "The Invincibles", "action_flag": 1, "change_message": "[{\"added\": {}}]"}}, {"model": "admin.logentry", "pk": 28, "fields": {"action_time": "2025-12-28T18:30:58.107Z", "user": 2, "content_type": 27, "object_id": "13", "object_repr": "MediaImage/images/images.175008.019947.0eaea6485f8512a7b52e03dc88dbf356.jpg", "action_flag": 1, "change_message": "[{\"added\": {}}]"}}, {"model": "admin.logentry", "pk": 29, "fields": {"action_time": "2025-12-28T18:30:59.677Z", "user": 2, "content_type": 35, "object_id": "8", "object_repr": "Hand of God", "action_flag": 1, "change_message": "[{\"added\": {}}, {\"added\": {\"name\": \"object image\", \"object\": \"13\"}}]"}}, {"model": "admin.logentry", "pk": 30, "fields": {"action_time": "2025-12-28T18:31:04.703Z", "user": 2, "content_type": 50, "object_id": "8", "object_repr": "The Hand of God", "action_flag": 1, "change_message": "[{\"added\": {}}]"}}, {"model": "admin.logentry", "pk": 31, "fields": {"action_time": "2025-12-28T18:34:00.779Z", "user": 2, "content_type": 27, "object_id": "14", "object_repr": "MediaImage/images/images.175008.019947.zidane_volley.jpg", "action_flag": 1, "change_message": "[{\"added\": {}}]"}}, {"model": "admin.logentry", "pk": 32, "fields": {"action_time": "2025-12-28T18:34:16.851Z", "user": 2, "content_type": 27, "object_id": "15", "object_repr": "MediaImage/images/images.175008.019947.zidane_volley_2.jpg", "action_flag": 1, "change_message": "[{\"added\": {}}]"}}, {"model": "admin.logentry", "pk": 33, "fields": {"action_time": "2025-12-28T18:34:20.620Z", "user": 2, "content_type": 35, "object_id": "9", "object_repr": "Zidane Volley", "action_flag": 1, "change_message": "[{\"added\": {}}, {\"added\": {\"name\": \"object image\", \"object\": \"14\"}}, {\"added\": {\"name\": \"object image\", \"object\": \"15\"}}]"}}, {"model": "admin.logentry", "pk": 34, "fields": {"action_time": "2025-12-28T18:34:24.131Z", "user": 2, "content_type": 50, "object_id": "9", "object_repr": "Zidane's Volley", "action_flag": 1, "change_message": "[{\"added\": {}}]"}}, {"model": "admin.logentry", "pk": 35, "fields": {"action_time": "2025-12-28T18:39:21.533Z", "user": 2, "content_type": 27, "object_id": "16", "object_repr": "MediaImage/images/images.175008.019947.Agueroo.jpg", "action_flag": 1, "change_message": "[{\"added\": {}}]"}}, {"model": "admin.logentry", "pk": 36, "fields": {"action_time": "2025-12-28T18:40:07.129Z", "user": 2, "content_type": 27, "object_id": "17", "object_repr": "MediaImage/images/images.175008.019947.f75bd30f3eef7829777f3c41695f2a52.jpg", "action_flag": 1, "change_message": "[{\"added\": {}}]"}}, {"model": "admin.logentry", "pk": 37, "fields": {"action_time": "2025-12-28T18:40:09.184Z", "user": 2, "content_type": 35, "object_id": "10", "object_repr": "Aguerooooo!", "action_flag": 1, "change_message": "[{\"added\": {}}, {\"added\": {\"name\": \"object image\", \"object\": \"16\"}}, {\"added\": {\"name\": \"object image\", \"object\": \"17\"}}]"}}, {"model": "admin.logentry", "pk": 38, "fields": {"action_time": "2025-12-28T18:40:12.611Z", "user": 2, "content_type": 50, "object_id": "10", "object_repr": "Agüerooooo!", "action_flag": 1, "change_message": "[{\"added\": {}}]"}}, {"model": "admin.logentry", "pk": 39, "fields": {"action_time": "2025-12-28T18:41:25.270Z", "user": 2, "content_type": 27, "object_id": "18", "object_repr": "MediaImage/images/images.175008.019947.183c6f7100a7188d69940683491c9eb2.jpg", "action_flag": 1, "change_message": "[{\"added\": {}}]"}}, {"model": "admin.logentry", "pk": 40, "fields": {"action_time": "2025-12-28T18:41:44.448Z", "user": 2, "content_type": 27, "object_id": "19", "object_repr": "MediaImage/images/images.175008.019947.e12104127bcaac9b62d296e163664959.jpg", "action_flag": 1, "change_message": "[{\"added\": {}}]"}}, {"model": "admin.logentry", "pk": 41, "fields": {"action_time": "2025-12-28T18:42:03.655Z", "user": 2, "content_type": 27, "object_id": "20", "object_repr": "MediaImage/images/images.175008.019947.Il_Capitano.jpg", "action_flag": 1, "change_message": "[{\"added\": {}}]"}}, {"model": "admin.logentry", "pk": 42, "fields": {"action_time": "2025-12-28T18:42:08.845Z", "user": 2, "content_type": 35, "object_id": "11", "object_repr": "Il Capitano", "action_flag": 1, "change_message": "[{\"added\": {}}, {\"added\": {\"name\": \"object image\", \"object\": \"18\"}}, {\"added\": {\"name\": \"object image\", \"object\": \"19\"}}, {\"added\": {\"name\": \"object image\", \"object\": \"20\"}}]"}}, {"model": "admin.logentry", "pk": 43, "fields": {"action_time": "2025-12-28T18:42:11.487Z", "user": 2, "content_type": 50, "object_id": "11", "object_repr": "Il Capitano", "action_flag": 1, "change_message": "[{\"added\": {}}]"}}, {"model": "admin.logentry", "pk": 44, "fields": {"action_time": "2025-12-28T18:44:32.863Z", "user": 2, "content_type": 27, "object_id": "21", "object_repr": "MediaImage/images/images.175008.019947.2f274e6d99e42726070d729b1e45048f.jpg", "action_flag": 1, "change_message": "[{\"added\": {}}]"}}, {"model": "admin.logentry", "pk": 45, "fields": {"action_time": "2025-12-28T18:44:47.052Z", "user": 2, "content_type": 27, "object_id": "22", "object_repr": "MediaImage/images/images.175008.019947.2fd726e44073759f79b7cbf2f9cf42dd.jpg", "action_flag": 1, "change_message": "[{\"added\": {}}]"}}, {"model": "admin.logentry", "pk": 46, "fields": {"action_time": "2025-12-28T18:45:10.061Z", "user": 2, "content_type": 27, "object_id": "23", "object_repr": "MediaImage/images/images.175008.019947.72f77632c09339fa21de09970c3aaecd.jpg", "action_flag": 1, "change_message": "[{\"added\": {}}]"}}, {"model": "admin.logentry", "pk": 47, "fields": {"action_time": "2025-12-28T18:45:13.282Z", "user": 2, "content_type": 35, "object_id": "12", "object_repr": "El Fenomono", "action_flag": 1, "change_message": "[{\"added\": {}}, {\"added\": {\"name\": \"object image\", \"object\": \"21\"}}, {\"added\": {\"name\": \"object image\", \"object\": \"22\"}}, {\"added\": {\"name\": \"object image\", \"object\": \"23\"}}]"}}, {"model": "admin.logentry", "pk": 48, "fields": {"action_time": "2025-12-28T18:45:29.262Z", "user": 2, "content_type": 50, "object_id": "12", "object_repr": "El Fenómeno", "action_flag": 1, "change_message": "[{\"added\": {}}]"}}, {"model": "admin.logentry", "pk": 49, "fields": {"action_time": "2025-12-28T18:46:24.387Z", "user": 2, "content_type": 50, "object_id": "13", "object_repr": "Season 1", "action_flag": 1, "change_message": "[{\"added\": {}}]"}}, {"model": "admin.logentry", "pk": 50, "fields": {"action_time": "2025-12-28T18:48:05.491Z", "user": 2, "content_type": 27, "object_id": "24", "object_repr": "MediaImage/images/images.175008.019947.5ec2be8b1b14e4c14f60b22eb582dbbd_1.jpg", "action_flag": 1, "change_message": "[{\"added\": {}}]"}}, {"model": "admin.logentry", "pk": 51, "fields": {"action_time": "2025-12-28T18:48:24.733Z", "user": 2, "content_type": 27, "object_id": "25", "object_repr": "MediaImage/images/images.175008.019947.84b5f6fe9c0903362796381cc4e4ee5c.jpg", "action_flag": 1, "change_message": "[{\"added\": {}}]"}}, {"model": "admin.logentry", "pk": 52, "fields": {"action_time": "2025-12-28T18:48:44.557Z", "user": 2, "content_type": 27, "object_id": "26", "object_repr": "MediaImage/images/images.175008.019947.144f59884f30ce500b6f46d66f35f731.jpg", "action_flag": 1, "change_message": "[{\"added\": {}}]"}}, {"model": "admin.logentry", "pk": 53, "fields": {"action_time": "2025-12-28T18:48:47.340Z", "user": 2, "content_type": 35, "object_id": "13", "object_repr": "Neymar", "action_flag": 1, "change_message": "[{\"added\": {}}, {\"added\": {\"name\": \"object image\", \"object\": \"24\"}}, {\"added\": {\"name\": \"object image\", \"object\": \"25\"}}, {\"added\": {\"name\": \"object image\", \"object\": \"26\"}}]"}}, {"model": "admin.logentry", "pk": 54, "fields": {"action_time": "2025-12-28T18:48:50.662Z", "user": 2, "content_type": 50, "object_id": "14", "object_repr": "Neymar's Legacy", "action_flag": 1, "change_message": "[{\"added\": {}}]"}}, {"model": "admin.logentry", "pk": 55, "fields": {"action_time": "2025-12-28T18:52:40.150Z", "user": 2, "content_type": 27, "object_id": "27", "object_repr": "MediaImage/images/images.175008.019947.3ab8fcd7e4fd157c0fc01653ccac3dc9.jpg", "action_flag": 1, "change_message": "[{\"added\": {}}]"}}, {"model": "admin.logentry", "pk": 56, "fields": {"action_time": "2025-12-28T18:52:51.047Z", "user": 2, "content_type": 27, "object_id": "28", "object_repr": "MediaImage/images/images.175008.019947.784e398c3f84c7655a3a2c84e3854e93.jpg", "action_flag": 1, "change_message": "[{\"added\": {}}]"}}, {"model": "admin.logentry", "pk": 57, "fields": {"action_time": "2025-12-28T18:53:07.389Z", "user": 2, "content_type": 27, "object_id": "29", "object_repr": "MediaImage/images/images.175008.019947.boca_river.jpg", "action_flag": 1, "change_message": "[{\"added\": {}}]"}}, {"model": "admin.logentry", "pk": 58, "fields": {"action_time": "2025-12-28T18:53:31.714Z", "user": 2, "content_type": 27, "object_id": "30", "object_repr": "MediaImage/images/images.175008.019947.superclassico.jpg", "action_flag": 1, "change_message": "[{\"added\": {}}]"}}, {"model": "admin.logentry", "pk": 59, "fields": {"action_time": "2025-12-28T18:53:34.553Z", "user": 2, "content_type": 35, "object_id": "14", "object_repr": "Boca Rivers", "action_flag": 1, "change_message": "[{\"added\": {}}, {\"added\": {\"name\": \"object image\", \"object\": \"27\"}}, {\"added\": {\"name\": \"object image\", \"object\": \"28\"}}, {\"added\": {\"name\": \"object image\", \"object\": \"29\"}}, {\"added\": {\"name\": \"object image\", \"object\": \"30\"}}]"}}, {"model": "admin.logentry", "pk": 60, "fields": {"action_time": "2025-12-28T18:53:37.349Z", "user": 2, "content_type": 50, "object_id": "15", "object_repr": "Boca vs River", "action_flag": 1, "change_message": "[{\"added\": {}}]"}}, {"model": "admin.logentry", "pk": 61, "fields": {"action_time": "2025-12-28T18:54:12.428Z", "user": 2, "content_type": 50, "object_id": "13", "object_repr": "Season 1", "action_flag": 2, "change_message": "[{\"changed\": {\"fields\": [\"Structure\", \"Parent\", \"Tags\"]}}]"}}, {"model": "admin.logentry", "pk": 62, "fields": {"action_time": "2025-12-28T18:57:55.377Z", "user": 2, "content_type": 27, "object_id": "31", "object_repr": "MediaImage/images/images.175008.019947.99f5d76e09d5ef8bbb5152648214a566.jpg", "action_flag": 1, "change_message": "[{\"added\": {}}]"}}, {"model": "admin.logentry", "pk": 63, "fields": {"action_time": "2025-12-28T18:58:06.814Z", "user": 2, "content_type": 27, "object_id": "32", "object_repr": "MediaImage/images/images.175008.019947.23572446f43bb7b4a93095bf9244a5ad.jpg", "action_flag": 1, "change_message": "[{\"added\": {}}]"}}, {"model": "admin.logentry", "pk": 64, "fields": {"action_time": "2025-12-28T18:58:32.265Z", "user": 2, "content_type": 27, "object_id": "33", "object_repr": "MediaImage/images/images.175008.019947.pep.jpg", "action_flag": 1, "change_message": "[{\"added\": {}}]"}}, {"model": "admin.logentry", "pk": 65, "fields": {"action_time": "2025-12-28T18:58:36.457Z", "user": 2, "content_type": 35, "object_id": "15", "object_repr": "Pep", "action_flag": 1, "change_message": "[{\"added\": {}}, {\"added\": {\"name\": \"object image\", \"object\": \"31\"}}, {\"added\": {\"name\": \"object image\", \"object\": \"32\"}}, {\"added\": {\"name\": \"object image\", \"object\": \"33\"}}]"}}, {"model": "admin.logentry", "pk": 66, "fields": {"action_time": "2025-12-28T18:58:39.145Z", "user": 2, "content_type": 50, "object_id": "16", "object_repr": "The Bald Genius", "action_flag": 1, "change_message": "[{\"added\": {}}]"}}, {"model": "admin.logentry", "pk": 67, "fields": {"action_time": "2025-12-28T18:59:04.937Z", "user": 2, "content_type": 27, "object_id": "34", "object_repr": "MediaImage/images/images.175008.019947.d584b56dbb1036cfac6f4c3503dd29f0.jpg", "action_flag": 1, "change_message": "[{\"added\": {}}]"}}, {"model": "admin.logentry", "pk": 68, "fields": {"action_time": "2025-12-28T18:59:19.962Z", "user": 2, "content_type": 27, "object_id": "35", "object_repr": "MediaImage/images/images.175008.019947.f62381cbab0e4cfbcd0c1483afd9bf9a.jpg", "action_flag": 1, "change_message": "[{\"added\": {}}]"}}, {"model": "admin.logentry", "pk": 69, "fields": {"action_time": "2025-12-28T18:59:23.124Z", "user": 2, "content_type": 35, "object_id": "3", "object_repr": "The Special One", "action_flag": 2, "change_message": "[{\"added\": {\"name\": \"object image\", \"object\": \"34\"}}, {\"added\": {\"name\": \"object image\", \"object\": \"35\"}}]"}}, {"model": "admin.logentry", "pk": 70, "fields": {"action_time": "2025-12-28T18:59:28.030Z", "user": 2, "content_type": 50, "object_id": "3", "object_repr": "The Special One", "action_flag": 2, "change_message": "[{\"changed\": {\"fields\": [\"Tags\"]}}]"}}, {"model": "admin.logentry", "pk": 71, "fields": {"action_time": "2025-12-28T19:08:34.280Z", "user": 2, "content_type": 27, "object_id": "36", "object_repr": "MediaImage/images/images.175008.019947.3f41ee6a38024c98e9f72377e38091d0.jpg", "action_flag": 1, "change_message": "[{\"added\": {}}]"}}, {"model": "admin.logentry", "pk": 72, "fields": {"action_time": "2025-12-28T19:08:56.230Z", "user": 2, "content_type": 27, "object_id": "37", "object_repr": "MediaImage/images/images.175008.019947.22b34dd809be08efd6f773867b028e0a_1.jpg", "action_flag": 1, "change_message": "[{\"added\": {}}]"}}, {"model": "admin.logentry", "pk": 73, "fields": {"action_time": "2025-12-28T19:09:21.207Z", "user": 2, "content_type": 27, "object_id": "38", "object_repr": "MediaImage/images/images.175008.019947.514fe003ae992c293ecf0b8c802a6afb.jpg", "action_flag": 1, "change_message": "[{\"added\": {}}]"}}, {"model": "admin.logentry", "pk": 74, "fields": {"action_time": "2025-12-28T19:09:37.710Z", "user": 2, "content_type": 27, "object_id": "39", "object_repr": "MediaImage/images/images.175008.019947.556bd05c9da16bfa16069157f703b9af.jpg", "action_flag": 1, "change_message": "[{\"added\": {}}]"}}, {"model": "admin.logentry", "pk": 75, "fields": {"action_time": "2025-12-28T19:10:19.356Z", "user": 2, "content_type": 27, "object_id": "40", "object_repr": "MediaImage/images/images.175008.019947.cb6a088c6cf28079ada484afae60df3b.jpg", "action_flag": 1, "change_message": "[{\"added\": {}}]"}}, {"model": "admin.logentry", "pk": 76, "fields": {"action_time": "2025-12-28T19:10:48.780Z", "user": 2, "content_type": 27, "object_id": "41", "object_repr": "MediaImage/images/images.175008.019947.d18ae0e28cdb31ba70b7f6ceebfad9f2.jpg", "action_flag": 1, "change_message": "[{\"added\": {}}]"}}, {"model": "admin.logentry", "pk": 77, "fields": {"action_time": "2025-12-28T19:11:10.036Z", "user": 2, "content_type": 27, "object_id": "42", "object_repr": "MediaImage/images/images.175008.019947.0b352489d62493d06995a9bc6f587cf0.jpg", "action_flag": 1, "change_message": "[{\"added\": {}}]"}}, {"model": "admin.logentry", "pk": 78, "fields": {"action_time": "2025-12-28T19:11:12.708Z", "user": 2, "content_type": 35, "object_id": "16", "object_repr": "Messi Qatar 22", "action_flag": 1, "change_message": "[{\"added\": {}}, {\"added\": {\"name\": \"object image\", \"object\": \"36\"}}, {\"added\": {\"name\": \"object image\", \"object\": \"37\"}}, {\"added\": {\"name\": \"object image\", \"object\": \"38\"}}, {\"added\": {\"name\": \"object image\", \"object\": \"39\"}}, {\"added\": {\"name\": \"object image\", \"object\": \"40\"}}, {\"added\": {\"name\": \"object image\", \"object\": \"41\"}}, {\"added\": {\"name\": \"object image\", \"object\": \"42\"}}]"}}, {"model": "admin.logentry", "pk": 79, "fields": {"action_time": "2025-12-28T19:11:18.454Z", "user": 2, "content_type": 50, "object_id": "17", "object_repr": "The Boy from Rosario", "action_flag": 1, "change_message": "[{\"added\": {}}]"}}, {"model": "admin.logentry", "pk": 80, "fields": {"action_time": "2025-12-28T19:21:32.206Z", "user": 2, "content_type": 50, "object_id": "18", "object_repr": "The Group Stage", "action_flag": 1, "change_message": "[{\"added\": {}}]"}}, {"model": "admin.logentry", "pk": 81, "fields": {"action_time": "2025-12-28T19:24:03.380Z", "user": 2, "content_type": 50, "object_id": "17", "object_repr": "The Boy from Rosario", "action_flag": 2, "change_message": "[{\"changed\": {\"fields\": [\"Structure\", \"Tags\"]}}]"}}, {"model": "admin.logentry", "pk": 82, "fields": {"action_time": "2025-12-28T19:26:20.979Z", "user": 2, "content_type": 27, "object_id": "43", "object_repr": "MediaImage/images/images.175008.019947.6ce5f54e7a9fdc6dfa936598528e13d8.jpg", "action_flag": 1, "change_message": "[{\"added\": {}}]"}}, {"model": "admin.logentry", "pk": 83, "fields": {"action_time": "2025-12-28T19:26:32.661Z", "user": 2, "content_type": 27, "object_id": "44", "object_repr": "MediaImage/images/images.175008.019947.2e00c9d12631166fceecdec0d2eaf878.jpg", "action_flag": 1, "change_message": "[{\"added\": {}}]"}}, {"model": "admin.logentry", "pk": 84, "fields": {"action_time": "2025-12-28T19:26:35.910Z", "user": 2, "content_type": 35, "object_id": "17", "object_repr": "The Group Stage", "action_flag": 1, "change_message": "[{\"added\": {}}, {\"added\": {\"name\": \"object image\", \"object\": \"43\"}}, {\"added\": {\"name\": \"object image\", \"object\": \"44\"}}]"}}, {"model": "admin.logentry", "pk": 85, "fields": {"action_time": "2025-12-28T19:26:42.095Z", "user": 2, "content_type": 50, "object_id": "18", "object_repr": "The Group Stage", "action_flag": 2, "change_message": "[{\"changed\": {\"fields\": [\"Structure\", \"Parent\", \"Image\", \"Tags\"]}}]"}}, {"model": "admin.logentry", "pk": 86, "fields": {"action_time": "2025-12-28T20:09:44.364Z", "user": 2, "content_type": 27, "object_id": "45", "object_repr": "MediaImage/images/images.175008.019947.e6d314ddf8c2400396ac58cb08d37c36.jpg", "action_flag": 1, "change_message": "[{\"added\": {}}]"}}, {"model": "admin.logentry", "pk": 87, "fields": {"action_time": "2025-12-28T20:09:47.283Z", "user": 2, "content_type": 35, "object_id": "18", "object_repr": "None", "action_flag": 1, "change_message": "[{\"added\": {}}, {\"added\": {\"name\": \"object image\", \"object\": \"45\"}}]"}}, {"model": "admin.logentry", "pk": 88, "fields": {"action_time": "2025-12-28T20:10:02.297Z", "user": 2, "content_type": 35, "object_id": "18", "object_repr": "The Knockout Round", "action_flag": 2, "change_message": "[{\"changed\": {\"fields\": [\"Title\"]}}]"}}, {"model": "admin.logentry", "pk": 89, "fields": {"action_time": "2025-12-28T20:10:14.000Z", "user": 2, "content_type": 50, "object_id": "19", "object_repr": "The Knockout Round", "action_flag": 1, "change_message": "[{\"added\": {}}]"}}, {"model": "admin.logentry", "pk": 90, "fields": {"action_time": "2025-12-28T20:15:04.344Z", "user": 2, "content_type": 26, "object_id": "1", "object_repr": "#725: Consumer confidence...and caution...with Eric Miao, Attentive", "action_flag": 1, "change_message": "[{\"added\": {}}]"}}, {"model": "admin.logentry", "pk": 91, "fields": {"action_time": "2025-12-28T20:15:48.916Z", "user": 2, "content_type": 27, "object_id": "46", "object_repr": "MediaImage/images/images.175008.019947.59590d89f4da623363a228751d69abe7.jpg", "action_flag": 1, "change_message": "[{\"added\": {}}]"}}, {"model": "admin.logentry", "pk": 92, "fields": {"action_time": "2025-12-28T20:15:50.291Z", "user": 2, "content_type": 35, "object_id": "19", "object_repr": "The Lusai Shock", "action_flag": 1, "change_message": "[{\"added\": {}}, {\"added\": {\"name\": \"object image\", \"object\": \"46\"}}]"}}, {"model": "admin.logentry", "pk": 93, "fields": {"action_time": "2025-12-28T20:25:03.781Z", "user": 2, "content_type": 51, "object_id": "1", "object_repr": "EP1: The Day the World Stood Still", "action_flag": 1, "change_message": "[{\"added\": {}}]"}}, {"model": "admin.logentry", "pk": 94, "fields": {"action_time": "2025-12-28T20:28:13.736Z", "user": 2, "content_type": 27, "object_id": "47", "object_repr": "MediaImage/images/images.202427.327175.891a9cc88256214a7a0ce3d8b5f17a9c.jpg", "action_flag": 1, "change_message": "[{\"added\": {}}]"}}, {"model": "admin.logentry", "pk": 95, "fields": {"action_time": "2025-12-28T20:28:20.077Z", "user": 2, "content_type": 35, "object_id": "20", "object_repr": "Argentina Mexico", "action_flag": 1, "change_message": "[{\"added\": {}}, {\"added\": {\"name\": \"object image\", \"object\": \"47\"}}]"}}, {"model": "admin.logentry", "pk": 96, "fields": {"action_time": "2025-12-28T20:28:37.320Z", "user": 2, "content_type": 51, "object_id": "2", "object_repr": "EP2: The Day the Chests Opened Up", "action_flag": 1, "change_message": "[{\"added\": {}}]"}}, {"model": "admin.logentry", "pk": 97, "fields": {"action_time": "2025-12-28T20:37:38.611Z", "user": 2, "content_type": 27, "object_id": "48", "object_repr": "MediaImage/images/images.202427.327175.f09394d0c9d141dadc760e0506a973c4.jpg", "action_flag": 1, "change_message": "[{\"added\": {}}]"}}, {"model": "admin.logentry", "pk": 98, "fields": {"action_time": "2025-12-28T20:37:42.487Z", "user": 2, "content_type": 35, "object_id": "21", "object_repr": "Poland Argentina", "action_flag": 1, "change_message": "[{\"added\": {}}, {\"added\": {\"name\": \"object image\", \"object\": \"48\"}}]"}}, {"model": "admin.logentry", "pk": 99, "fields": {"action_time": "2025-12-28T20:39:01.395Z", "user": 2, "content_type": 51, "object_id": "3", "object_repr": "EP3: The Night the Team Carried the King", "action_flag": 1, "change_message": "[{\"added\": {}}]"}}, {"model": "admin.logentry", "pk": 100, "fields": {"action_time": "2025-12-28T20:45:32.456Z", "user": 2, "content_type": 27, "object_id": "49", "object_repr": "MediaImage/images/images.202427.327175.37055e733eeecf97467d1fcfa43a0bde.jpg", "action_flag": 1, "change_message": "[{\"added\": {}}]"}}, {"model": "admin.logentry", "pk": 101, "fields": {"action_time": "2025-12-28T20:45:34.617Z", "user": 2, "content_type": 35, "object_id": "22", "object_repr": "Australia Argentina", "action_flag": 1, "change_message": "[{\"added\": {}}, {\"added\": {\"name\": \"object image\", \"object\": \"49\"}}]"}}, {"model": "admin.logentry", "pk": 102, "fields": {"action_time": "2025-12-28T20:45:43.828Z", "user": 2, "content_type": 51, "object_id": "4", "object_repr": "EP1: The 1000th Masterpiece", "action_flag": 1, "change_message": "[{\"added\": {}}]"}}, {"model": "admin.logentry", "pk": 103, "fields": {"action_time": "2025-12-28T20:53:58.391Z", "user": 2, "content_type": 27, "object_id": "50", "object_repr": "MediaImage/images/images.202427.327175.626a0526a7f0816fd2511626567e0a44.jpg", "action_flag": 1, "change_message": "[{\"added\": {}}]"}}, {"model": "admin.logentry", "pk": 104, "fields": {"action_time": "2025-12-28T20:54:24.814Z", "user": 2, "content_type": 27, "object_id": "51", "object_repr": "MediaImage/images/images.202427.327175.cdd1a1e2c3a5bd1ca0b2a12feaa7b2c7.jpg", "action_flag": 1, "change_message": "[{\"added\": {}}]"}}, {"model": "admin.logentry", "pk": 105, "fields": {"action_time": "2025-12-28T20:55:21.490Z", "user": 2, "content_type": 27, "object_id": "52", "object_repr": "MediaImage/images/images.202427.327175.d432a68d6e81f3a68751455b8a6cc713.jpg", "action_flag": 1, "change_message": "[{\"added\": {}}]"}}, {"model": "admin.logentry", "pk": 106, "fields": {"action_time": "2025-12-28T20:55:24.785Z", "user": 2, "content_type": 35, "object_id": "23", "object_repr": "The Battle of Lusail", "action_flag": 1, "change_message": "[{\"added\": {}}, {\"added\": {\"name\": \"object image\", \"object\": \"50\"}}, {\"added\": {\"name\": \"object image\", \"object\": \"51\"}}, {\"added\": {\"name\": \"object image\", \"object\": \"52\"}}]"}}, {"model": "admin.logentry", "pk": 107, "fields": {"action_time": "2025-12-28T20:55:44.609Z", "user": 2, "content_type": 51, "object_id": "5", "object_repr": "EP2: The Battle of Lusail", "action_flag": 1, "change_message": "[{\"added\": {}}]"}}, {"model": "admin.logentry", "pk": 108, "fields": {"action_time": "2025-12-28T21:01:37.911Z", "user": 2, "content_type": 27, "object_id": "53", "object_repr": "MediaImage/images/images.202427.327175.a7a04db0d8021ed5bcf327076bcbb4d3.jpg", "action_flag": 1, "change_message": "[{\"added\": {}}]"}}, {"model": "admin.logentry", "pk": 109, "fields": {"action_time": "2025-12-28T21:01:40.313Z", "user": 2, "content_type": 35, "object_id": "24", "object_repr": "Dance of the Veteran", "action_flag": 1, "change_message": "[{\"added\": {}}, {\"added\": {\"name\": \"object image\", \"object\": \"53\"}}]"}}, {"model": "admin.logentry", "pk": 110, "fields": {"action_time": "2025-12-28T21:01:49.047Z", "user": 2, "content_type": 51, "object_id": "6", "object_repr": "EP3: The Dance of the Veteran", "action_flag": 1, "change_message": "[{\"added\": {}}]"}}, {"model": "admin.logentry", "pk": 111, "fields": {"action_time": "2025-12-28T21:05:10.020Z", "user": 2, "content_type": 27, "object_id": "54", "object_repr": "MediaImage/images/images.202427.327175.66bfa102df9609181e551471c124f85d.jpg", "action_flag": 1, "change_message": "[{\"added\": {}}]"}}, {"model": "admin.logentry", "pk": 112, "fields": {"action_time": "2025-12-28T21:05:21.941Z", "user": 2, "content_type": 27, "object_id": "55", "object_repr": "MediaImage/images/images.202427.327175.6dc694dd950273e64b673b5e8f283033.jpg", "action_flag": 1, "change_message": "[{\"added\": {}}]"}}, {"model": "admin.logentry", "pk": 113, "fields": {"action_time": "2025-12-28T21:05:25.300Z", "user": 2, "content_type": 35, "object_id": "25", "object_repr": "WC Final", "action_flag": 1, "change_message": "[{\"added\": {}}, {\"added\": {\"name\": \"object image\", \"object\": \"54\"}}, {\"added\": {\"name\": \"object image\", \"object\": \"55\"}}]"}}, {"model": "admin.logentry", "pk": 114, "fields": {"action_time": "2025-12-28T21:05:28.958Z", "user": 2, "content_type": 51, "object_id": "7", "object_repr": "EP4: The Greatest Game of All Time", "action_flag": 1, "change_message": "[{\"added\": {}}]"}}, {"model": "admin.logentry", "pk": 115, "fields": {"action_time": "2025-12-28T21:09:49.807Z", "user": 2, "content_type": 58, "object_id": "1", "object_repr": "Recently Added", "action_flag": 1, "change_message": "[{\"added\": {}}]"}}, {"model": "admin.logentry", "pk": 116, "fields": {"action_time": "2025-12-28T21:23:42.052Z", "user": 2, "content_type": 59, "object_id": "1", "object_repr": "Editors' Choice", "action_flag": 1, "change_message": "[{\"added\": {}}]"}}, {"model": "admin.logentry", "pk": 117, "fields": {"action_time": "2025-12-28T21:26:51.508Z", "user": 2, "content_type": 59, "object_id": "2", "object_repr": "Defining Moments", "action_flag": 1, "change_message": "[{\"added\": {}}]"}}, {"model": "admin.logentry", "pk": 118, "fields": {"action_time": "2025-12-28T21:28:31.273Z", "user": 2, "content_type": 59, "object_id": "3", "object_repr": "Top Shelf", "action_flag": 1, "change_message": "[{\"added\": {}}]"}}, {"model": "admin.logentry", "pk": 119, "fields": {"action_time": "2025-12-28T21:28:59.634Z", "user": 2, "content_type": 59, "object_id": "4", "object_repr": "Essential Listening", "action_flag": 1, "change_message": "[{\"added\": {}}]"}}, {"model": "admin.logentry", "pk": 120, "fields": {"action_time": "2025-12-28T21:29:36.243Z", "user": 2, "content_type": 59, "object_id": "5", "object_repr": "Essential Listening", "action_flag": 1, "change_message": "[{\"added\": {}}]"}}, {"model": "admin.logentry", "pk": 121, "fields": {"action_time": "2025-12-28T21:30:12.903Z", "user": 2, "content_type": 64, "object_id": "1", "object_repr": "OrderedPodcast object (1)", "action_flag": 1, "change_message": "[{\"added\": {}}]"}}, {"model": "admin.logentry", "pk": 122, "fields": {"action_time": "2025-12-28T21:30:22.843Z", "user": 2, "content_type": 64, "object_id": "2", "object_repr": "OrderedPodcast object (2)", "action_flag": 1, "change_message": "[{\"added\": {}}]"}}, {"model": "admin.logentry", "pk": 123, "fields": {"action_time": "2025-12-28T21:30:34.285Z", "user": 2, "content_type": 64, "object_id": "3", "object_repr": "OrderedPodcast object (3)", "action_flag": 1, "change_message": "[{\"added\": {}}]"}}, {"model": "admin.logentry", "pk": 124, "fields": {"action_time": "2025-12-28T21:31:04.649Z", "user": 2, "content_type": 64, "object_id": "4", "object_repr": "OrderedPodcast object (4)", "action_flag": 1, "change_message": "[{\"added\": {}}]"}}, {"model": "admin.logentry", "pk": 125, "fields": {"action_time": "2025-12-28T21:31:17.916Z", "user": 2, "content_type": 64, "object_id": "5", "object_repr": "OrderedPodcast object (5)", "action_flag": 1, "change_message": "[{\"added\": {}}]"}}, {"model": "admin.logentry", "pk": 126, "fields": {"action_time": "2025-12-28T21:31:28.744Z", "user": 2, "content_type": 64, "object_id": "6", "object_repr": "OrderedPodcast object (6)", "action_flag": 1, "change_message": "[{\"added\": {}}]"}}, {"model": "admin.logentry", "pk": 127, "fields": {"action_time": "2025-12-28T21:31:43.540Z", "user": 2, "content_type": 64, "object_id": "7", "object_repr": "OrderedPodcast object (7)", "action_flag": 1, "change_message": "[{\"added\": {}}]"}}, {"model": "admin.logentry", "pk": 128, "fields": {"action_time": "2025-12-28T21:31:58.012Z", "user": 2, "content_type": 64, "object_id": "8", "object_repr": "OrderedPodcast object (8)", "action_flag": 1, "change_message": "[{\"added\": {}}]"}}, {"model": "admin.logentry", "pk": 129, "fields": {"action_time": "2025-12-28T21:32:22.365Z", "user": 2, "content_type": 64, "object_id": "9", "object_repr": "OrderedPodcast object (9)", "action_flag": 1, "change_message": "[{\"added\": {}}]"}}, {"model": "admin.logentry", "pk": 130, "fields": {"action_time": "2025-12-28T21:32:34.133Z", "user": 2, "content_type": 64, "object_id": "10", "object_repr": "OrderedPodcast object (10)", "action_flag": 1, "change_message": "[{\"added\": {}}]"}}, {"model": "admin.logentry", "pk": 131, "fields": {"action_time": "2025-12-28T21:32:59.342Z", "user": 2, "content_type": 64, "object_id": "11", "object_repr": "OrderedPodcast object (11)", "action_flag": 1, "change_message": "[{\"added\": {}}]"}}, {"model": "admin.logentry", "pk": 132, "fields": {"action_time": "2025-12-28T21:33:52.471Z", "user": 2, "content_type": 64, "object_id": "12", "object_repr": "OrderedPodcast object (12)", "action_flag": 1, "change_message": "[{\"added\": {}}]"}}, {"model": "admin.logentry", "pk": 133, "fields": {"action_time": "2025-12-28T21:34:26.121Z", "user": 2, "content_type": 64, "object_id": "13", "object_repr": "OrderedPodcast object (13)", "action_flag": 1, "change_message": "[{\"added\": {}}]"}}, {"model": "admin.logentry", "pk": 134, "fields": {"action_time": "2025-12-28T21:34:44.402Z", "user": 2, "content_type": 64, "object_id": "14", "object_repr": "OrderedPodcast object (14)", "action_flag": 1, "change_message": "[{\"added\": {}}]"}}, {"model": "admin.logentry", "pk": 135, "fields": {"action_time": "2025-12-28T21:34:56.673Z", "user": 2, "content_type": 64, "object_id": "15", "object_repr": "OrderedPodcast object (15)", "action_flag": 1, "change_message": "[{\"added\": {}}]"}}, {"model": "admin.logentry", "pk": 136, "fields": {"action_time": "2025-12-28T21:36:17.651Z", "user": 2, "content_type": 64, "object_id": "16", "object_repr": "OrderedPodcast object (16)", "action_flag": 1, "change_message": "[{\"added\": {}}]"}}, {"model": "admin.logentry", "pk": 137, "fields": {"action_time": "2025-12-28T21:36:36.104Z", "user": 2, "content_type": 64, "object_id": "17", "object_repr": "OrderedPodcast object (17)", "action_flag": 1, "change_message": "[{\"added\": {}}]"}}, {"model": "admin.logentry", "pk": 138, "fields": {"action_time": "2025-12-28T21:36:52.913Z", "user": 2, "content_type": 64, "object_id": "18", "object_repr": "OrderedPodcast object (18)", "action_flag": 1, "change_message": "[{\"added\": {}}]"}}, {"model": "admin.logentry", "pk": 139, "fields": {"action_time": "2025-12-28T21:37:56.603Z", "user": 2, "content_type": 64, "object_id": "19", "object_repr": "OrderedPodcast object (19)", "action_flag": 1, "change_message": "[{\"added\": {}}]"}}, {"model": "admin.logentry", "pk": 140, "fields": {"action_time": "2025-12-28T21:38:18.878Z", "user": 2, "content_type": 64, "object_id": "20", "object_repr": "OrderedPodcast object (20)", "action_flag": 1, "change_message": "[{\"added\": {}}]"}}, {"model": "admin.logentry", "pk": 141, "fields": {"action_time": "2025-12-28T21:38:50.949Z", "user": 2, "content_type": 64, "object_id": "21", "object_repr": "OrderedPodcast object (21)", "action_flag": 1, "change_message": "[{\"added\": {}}]"}}, {"model": "admin.logentry", "pk": 142, "fields": {"action_time": "2025-12-28T21:40:12.043Z", "user": 2, "content_type": 64, "object_id": "22", "object_repr": "OrderedPodcast object (22)", "action_flag": 1, "change_message": "[{\"added\": {}}]"}}, {"model": "admin.logentry", "pk": 143, "fields": {"action_time": "2025-12-28T21:43:15.808Z", "user": 2, "content_type": 64, "object_id": "23", "object_repr": "OrderedPodcast object (23)", "action_flag": 1, "change_message": "[{\"added\": {}}]"}}, {"model": "admin.logentry", "pk": 144, "fields": {"action_time": "2025-12-28T21:44:26.710Z", "user": 2, "content_type": 64, "object_id": "24", "object_repr": "OrderedPodcast object (24)", "action_flag": 1, "change_message": "[{\"added\": {}}]"}}, {"model": "admin.logentry", "pk": 145, "fields": {"action_time": "2025-12-28T21:44:51.396Z", "user": 2, "content_type": 64, "object_id": "25", "object_repr": "OrderedPodcast object (25)", "action_flag": 1, "change_message": "[{\"added\": {}}]"}}, {"model": "admin.logentry", "pk": 146, "fields": {"action_time": "2025-12-28T21:45:21.399Z", "user": 2, "content_type": 64, "object_id": "26", "object_repr": "OrderedPodcast object (26)", "action_flag": 1, "change_message": "[{\"added\": {}}]"}}, {"model": "admin.logentry", "pk": 147, "fields": {"action_time": "2025-12-28T21:46:34.436Z", "user": 2, "content_type": 64, "object_id": "27", "object_repr": "OrderedPodcast object (27)", "action_flag": 1, "change_message": "[{\"added\": {}}]"}}, {"model": "admin.logentry", "pk": 148, "fields": {"action_time": "2025-12-28T21:46:45.881Z", "user": 2, "content_type": 64, "object_id": "28", "object_repr": "OrderedPodcast object (28)", "action_flag": 1, "change_message": "[{\"added\": {}}]"}}, {"model": "admin.logentry", "pk": 149, "fields": {"action_time": "2025-12-28T21:47:35.323Z", "user": 2, "content_type": 64, "object_id": "29", "object_repr": "OrderedPodcast object (29)", "action_flag": 1, "change_message": "[{\"added\": {}}]"}}, {"model": "admin.logentry", "pk": 150, "fields": {"action_time": "2025-12-28T21:47:53.307Z", "user": 2, "content_type": 64, "object_id": "30", "object_repr": "OrderedPodcast object (30)", "action_flag": 1, "change_message": "[{\"added\": {}}]"}}, {"model": "admin.logentry", "pk": 151, "fields": {"action_time": "2025-12-28T21:48:50.383Z", "user": 2, "content_type": 64, "object_id": "31", "object_repr": "OrderedPodcast object (31)", "action_flag": 1, "change_message": "[{\"added\": {}}]"}}, {"model": "admin.logentry", "pk": 152, "fields": {"action_time": "2025-12-28T21:51:01.674Z", "user": 2, "content_type": 64, "object_id": "32", "object_repr": "OrderedPodcast object (32)", "action_flag": 1, "change_message": "[{\"added\": {}}]"}}, {"model": "admin.logentry", "pk": 153, "fields": {"action_time": "2025-12-28T21:51:47.635Z", "user": 2, "content_type": 64, "object_id": "33", "object_repr": "OrderedPodcast object (33)", "action_flag": 1, "change_message": "[{\"added\": {}}]"}}, {"model": "admin.logentry", "pk": 154, "fields": {"action_time": "2025-12-29T07:07:57.308Z", "user": 2, "content_type": 51, "object_id": "7", "object_repr": "EP4: The Greatest Game of All Time", "action_flag": 2, "change_message": "[{\"changed\": {\"fields\": [\"Hosts\", \"Tags\"]}}]"}}, {"model": "admin.logentry", "pk": 155, "fields": {"action_time": "2026-02-01T06:44:43.253Z", "user": 2, "content_type": 80, "object_id": "1", "object_repr": "VAR Room", "action_flag": 1, "change_message": "[{\"added\": {}}]"}}, {"model": "auth.permission", "pk": 1, "fields": {"name": "Can add log entry", "content_type": 1, "codename": "add_logentry"}}, {"model": "auth.permission", "pk": 2, "fields": {"name": "Can change log entry", "content_type": 1, "codename": "change_logentry"}}, {"model": "auth.permission", "pk": 3, "fields": {"name": "Can delete log entry", "content_type": 1, "codename": "delete_logentry"}}, {"model": "auth.permission", "pk": 4, "fields": {"name": "Can view log entry", "content_type": 1, "codename": "view_logentry"}}, {"model": "auth.permission", "pk": 5, "fields": {"name": "Can add permission", "content_type": 2, "codename": "add_permission"}}, {"model": "auth.permission", "pk": 6, "fields": {"name": "Can change permission", "content_type": 2, "codename": "change_permission"}}, {"model": "auth.permission", "pk": 7, "fields": {"name": "Can delete permission", "content_type": 2, "codename": "delete_permission"}}, {"model": "auth.permission", "pk": 8, "fields": {"name": "Can view permission", "content_type": 2, "codename": "view_permission"}}, {"model": "auth.permission", "pk": 9, "fields": {"name": "Can add group", "content_type": 3, "codename": "add_group"}}, {"model": "auth.permission", "pk": 10, "fields": {"name": "Can change group", "content_type": 3, "codename": "change_group"}}, {"model": "auth.permission", "pk": 11, "fields": {"name": "Can delete group", "content_type": 3, "codename": "delete_group"}}, {"model": "auth.permission", "pk": 12, "fields": {"name": "Can view group", "content_type": 3, "codename": "view_group"}}, {"model": "auth.permission", "pk": 13, "fields": {"name": "Can add content type", "content_type": 4, "codename": "add_contenttype"}}, {"model": "auth.permission", "pk": 14, "fields": {"name": "Can change content type", "content_type": 4, "codename": "change_contenttype"}}, {"model": "auth.permission", "pk": 15, "fields": {"name": "Can delete content type", "content_type": 4, "codename": "delete_contenttype"}}, {"model": "auth.permission", "pk": 16, "fields": {"name": "Can view content type", "content_type": 4, "codename": "view_contenttype"}}, {"model": "auth.permission", "pk": 17, "fields": {"name": "Can add session", "content_type": 5, "codename": "add_session"}}, {"model": "auth.permission", "pk": 18, "fields": {"name": "Can change session", "content_type": 5, "codename": "change_session"}}, {"model": "auth.permission", "pk": 19, "fields": {"name": "Can delete session", "content_type": 5, "codename": "delete_session"}}, {"model": "auth.permission", "pk": 20, "fields": {"name": "Can view session", "content_type": 5, "codename": "view_session"}}, {"model": "auth.permission", "pk": 21, "fields": {"name": "Can add site", "content_type": 6, "codename": "add_site"}}, {"model": "auth.permission", "pk": 22, "fields": {"name": "Can change site", "content_type": 6, "codename": "change_site"}}, {"model": "auth.permission", "pk": 23, "fields": {"name": "Can delete site", "content_type": 6, "codename": "delete_site"}}, {"model": "auth.permission", "pk": 24, "fields": {"name": "Can view site", "content_type": 6, "codename": "view_site"}}, {"model": "auth.permission", "pk": 25, "fields": {"name": "Can add flat page", "content_type": 7, "codename": "add_flatpage"}}, {"model": "auth.permission", "pk": 26, "fields": {"name": "Can change flat page", "content_type": 7, "codename": "change_flatpage"}}, {"model": "auth.permission", "pk": 27, "fields": {"name": "Can delete flat page", "content_type": 7, "codename": "delete_flatpage"}}, {"model": "auth.permission", "pk": 28, "fields": {"name": "Can view flat page", "content_type": 7, "codename": "view_flatpage"}}, {"model": "auth.permission", "pk": 29, "fields": {"name": "Can add group object permission", "content_type": 8, "codename": "add_groupobjectpermission"}}, {"model": "auth.permission", "pk": 30, "fields": {"name": "Can change group object permission", "content_type": 8, "codename": "change_groupobjectpermission"}}, {"model": "auth.permission", "pk": 31, "fields": {"name": "Can delete group object permission", "content_type": 8, "codename": "delete_groupobjectpermission"}}, {"model": "auth.permission", "pk": 32, "fields": {"name": "Can view group object permission", "content_type": 8, "codename": "view_groupobjectpermission"}}, {"model": "auth.permission", "pk": 33, "fields": {"name": "Can add user object permission", "content_type": 9, "codename": "add_userobjectpermission"}}, {"model": "auth.permission", "pk": 34, "fields": {"name": "Can change user object permission", "content_type": 9, "codename": "change_userobjectpermission"}}, {"model": "auth.permission", "pk": 35, "fields": {"name": "Can delete user object permission", "content_type": 9, "codename": "delete_userobjectpermission"}}, {"model": "auth.permission", "pk": 36, "fields": {"name": "Can view user object permission", "content_type": 9, "codename": "view_userobjectpermission"}}, {"model": "auth.permission", "pk": 37, "fields": {"name": "Can add User", "content_type": 10, "codename": "add_clerkuser"}}, {"model": "auth.permission", "pk": 38, "fields": {"name": "Can change User", "content_type": 10, "codename": "change_clerkuser"}}, {"model": "auth.permission", "pk": 39, "fields": {"name": "Can delete User", "content_type": 10, "codename": "delete_clerkuser"}}, {"model": "auth.permission", "pk": 40, "fields": {"name": "Can view User", "content_type": 10, "codename": "view_clerkuser"}}, {"model": "auth.permission", "pk": 41, "fields": {"name": "Can add Object View", "content_type": 11, "codename": "add_objectview"}}, {"model": "auth.permission", "pk": 42, "fields": {"name": "Can change Object View", "content_type": 11, "codename": "change_objectview"}}, {"model": "auth.permission", "pk": 43, "fields": {"name": "Can delete Object View", "content_type": 11, "codename": "delete_objectview"}}, {"model": "auth.permission", "pk": 44, "fields": {"name": "Can view Object View", "content_type": 11, "codename": "view_objectview"}}, {"model": "auth.permission", "pk": 45, "fields": {"name": "Can add comment", "content_type": 12, "codename": "add_comment"}}, {"model": "auth.permission", "pk": 46, "fields": {"name": "Can change comment", "content_type": 12, "codename": "change_comment"}}, {"model": "auth.permission", "pk": 47, "fields": {"name": "Can delete comment", "content_type": 12, "codename": "delete_comment"}}, {"model": "auth.permission", "pk": 48, "fields": {"name": "Can view comment", "content_type": 12, "codename": "view_comment"}}, {"model": "auth.permission", "pk": 49, "fields": {"name": "Can add booking", "content_type": 13, "codename": "add_booking"}}, {"model": "auth.permission", "pk": 50, "fields": {"name": "Can change booking", "content_type": 13, "codename": "change_booking"}}, {"model": "auth.permission", "pk": 51, "fields": {"name": "Can delete booking", "content_type": 13, "codename": "delete_booking"}}, {"model": "auth.permission", "pk": 52, "fields": {"name": "Can view booking", "content_type": 13, "codename": "view_booking"}}, {"model": "auth.permission", "pk": 53, "fields": {"name": "Can add event", "content_type": 14, "codename": "add_event"}}, {"model": "auth.permission", "pk": 54, "fields": {"name": "Can change event", "content_type": 14, "codename": "change_event"}}, {"model": "auth.permission", "pk": 55, "fields": {"name": "Can delete event", "content_type": 14, "codename": "delete_event"}}, {"model": "auth.permission", "pk": 56, "fields": {"name": "Can view event", "content_type": 14, "codename": "view_event"}}, {"model": "auth.permission", "pk": 57, "fields": {"name": "Can add foul", "content_type": 15, "codename": "add_foul"}}, {"model": "auth.permission", "pk": 58, "fields": {"name": "Can change foul", "content_type": 15, "codename": "change_foul"}}, {"model": "auth.permission", "pk": 59, "fields": {"name": "Can delete foul", "content_type": 15, "codename": "delete_foul"}}, {"model": "auth.permission", "pk": 60, "fields": {"name": "Can view foul", "content_type": 15, "codename": "view_foul"}}, {"model": "auth.permission", "pk": 61, "fields": {"name": "Can add foul event", "content_type": 16, "codename": "add_foulevent"}}, {"model": "auth.permission", "pk": 62, "fields": {"name": "Can change foul event", "content_type": 16, "codename": "change_foulevent"}}, {"model": "auth.permission", "pk": 63, "fields": {"name": "Can delete foul event", "content_type": 16, "codename": "delete_foulevent"}}, {"model": "auth.permission", "pk": 64, "fields": {"name": "Can view foul event", "content_type": 16, "codename": "view_foulevent"}}, {"model": "auth.permission", "pk": 65, "fields": {"name": "Can add goal", "content_type": 17, "codename": "add_goal"}}, {"model": "auth.permission", "pk": 66, "fields": {"name": "Can change goal", "content_type": 17, "codename": "change_goal"}}, {"model": "auth.permission", "pk": 67, "fields": {"name": "Can delete goal", "content_type": 17, "codename": "delete_goal"}}, {"model": "auth.permission", "pk": 68, "fields": {"name": "Can view goal", "content_type": 17, "codename": "view_goal"}}, {"model": "auth.permission", "pk": 69, "fields": {"name": "Can add goal event", "content_type": 18, "codename": "add_goalevent"}}, {"model": "auth.permission", "pk": 70, "fields": {"name": "Can change goal event", "content_type": 18, "codename": "change_goalevent"}}, {"model": "auth.permission", "pk": 71, "fields": {"name": "Can delete goal event", "content_type": 18, "codename": "delete_goalevent"}}, {"model": "auth.permission", "pk": 72, "fields": {"name": "Can view goal event", "content_type": 18, "codename": "view_goalevent"}}, {"model": "auth.permission", "pk": 73, "fields": {"name": "Can add highlight", "content_type": 19, "codename": "add_highlight"}}, {"model": "auth.permission", "pk": 74, "fields": {"name": "Can change highlight", "content_type": 19, "codename": "change_highlight"}}, {"model": "auth.permission", "pk": 75, "fields": {"name": "Can delete highlight", "content_type": 19, "codename": "delete_highlight"}}, {"model": "auth.permission", "pk": 76, "fields": {"name": "Can view highlight", "content_type": 19, "codename": "view_highlight"}}, {"model": "auth.permission", "pk": 77, "fields": {"name": "Can add Match", "content_type": 20, "codename": "add_match"}}, {"model": "auth.permission", "pk": 78, "fields": {"name": "Can change Match", "content_type": 20, "codename": "change_match"}}, {"model": "auth.permission", "pk": 79, "fields": {"name": "Can delete Match", "content_type": 20, "codename": "delete_match"}}, {"model": "auth.permission", "pk": 80, "fields": {"name": "Can view Match", "content_type": 20, "codename": "view_match"}}, {"model": "auth.permission", "pk": 81, "fields": {"name": "Can add possession", "content_type": 21, "codename": "add_possession"}}, {"model": "auth.permission", "pk": 82, "fields": {"name": "Can change possession", "content_type": 21, "codename": "change_possession"}}, {"model": "auth.permission", "pk": 83, "fields": {"name": "Can delete possession", "content_type": 21, "codename": "delete_possession"}}, {"model": "auth.permission", "pk": 84, "fields": {"name": "Can view possession", "content_type": 21, "codename": "view_possession"}}, {"model": "auth.permission", "pk": 85, "fields": {"name": "Can add set piece", "content_type": 22, "codename": "add_setpiece"}}, {"model": "auth.permission", "pk": 86, "fields": {"name": "Can change set piece", "content_type": 22, "codename": "change_setpiece"}}, {"model": "auth.permission", "pk": 87, "fields": {"name": "Can delete set piece", "content_type": 22, "codename": "delete_setpiece"}}, {"model": "auth.permission", "pk": 88, "fields": {"name": "Can view set piece", "content_type": 22, "codename": "view_setpiece"}}, {"model": "auth.permission", "pk": 89, "fields": {"name": "Can add shot", "content_type": 23, "codename": "add_shot"}}, {"model": "auth.permission", "pk": 90, "fields": {"name": "Can change shot", "content_type": 23, "codename": "change_shot"}}, {"model": "auth.permission", "pk": 91, "fields": {"name": "Can delete shot", "content_type": 23, "codename": "delete_shot"}}, {"model": "auth.permission", "pk": 92, "fields": {"name": "Can view shot", "content_type": 23, "codename": "view_shot"}}, {"model": "auth.permission", "pk": 93, "fields": {"name": "Can add substitution", "content_type": 24, "codename": "add_substitution"}}, {"model": "auth.permission", "pk": 94, "fields": {"name": "Can change substitution", "content_type": 24, "codename": "change_substitution"}}, {"model": "auth.permission", "pk": 95, "fields": {"name": "Can delete substitution", "content_type": 24, "codename": "delete_substitution"}}, {"model": "auth.permission", "pk": 96, "fields": {"name": "Can view substitution", "content_type": 24, "codename": "view_substitution"}}, {"model": "auth.permission", "pk": 97, "fields": {"name": "Can add team possession", "content_type": 25, "codename": "add_teampossession"}}, {"model": "auth.permission", "pk": 98, "fields": {"name": "Can change team possession", "content_type": 25, "codename": "change_teampossession"}}, {"model": "auth.permission", "pk": 99, "fields": {"name": "Can delete team possession", "content_type": 25, "codename": "delete_teampossession"}}, {"model": "auth.permission", "pk": 100, "fields": {"name": "Can view team possession", "content_type": 25, "codename": "view_teampossession"}}, {"model": "auth.permission", "pk": 101, "fields": {"name": "Can add media", "content_type": 26, "codename": "add_media"}}, {"model": "auth.permission", "pk": 102, "fields": {"name": "Can change media", "content_type": 26, "codename": "change_media"}}, {"model": "auth.permission", "pk": 103, "fields": {"name": "Can delete media", "content_type": 26, "codename": "delete_media"}}, {"model": "auth.permission", "pk": 104, "fields": {"name": "Can view media", "content_type": 26, "codename": "view_media"}}, {"model": "auth.permission", "pk": 105, "fields": {"name": "Can add media image", "content_type": 27, "codename": "add_mediaimage"}}, {"model": "auth.permission", "pk": 106, "fields": {"name": "Can change media image", "content_type": 27, "codename": "change_mediaimage"}}, {"model": "auth.permission", "pk": 107, "fields": {"name": "Can delete media image", "content_type": 27, "codename": "delete_mediaimage"}}, {"model": "auth.permission", "pk": 108, "fields": {"name": "Can view media image", "content_type": 27, "codename": "view_mediaimage"}}, {"model": "auth.permission", "pk": 109, "fields": {"name": "Can add media stream meta", "content_type": 28, "codename": "add_mediastreammeta"}}, {"model": "auth.permission", "pk": 110, "fields": {"name": "Can change media stream meta", "content_type": 28, "codename": "change_mediastreammeta"}}, {"model": "auth.permission", "pk": 111, "fields": {"name": "Can delete media stream meta", "content_type": 28, "codename": "delete_mediastreammeta"}}, {"model": "auth.permission", "pk": 112, "fields": {"name": "Can view media stream meta", "content_type": 28, "codename": "view_mediastreammeta"}}, {"model": "auth.permission", "pk": 113, "fields": {"name": "Can add timestamp", "content_type": 29, "codename": "add_timestamp"}}, {"model": "auth.permission", "pk": 114, "fields": {"name": "Can change timestamp", "content_type": 29, "codename": "change_timestamp"}}, {"model": "auth.permission", "pk": 115, "fields": {"name": "Can delete timestamp", "content_type": 29, "codename": "delete_timestamp"}}, {"model": "auth.permission", "pk": 116, "fields": {"name": "Can view timestamp", "content_type": 29, "codename": "view_timestamp"}}, {"model": "auth.permission", "pk": 117, "fields": {"name": "Can add media settings", "content_type": 30, "codename": "add_mediasettings"}}, {"model": "auth.permission", "pk": 118, "fields": {"name": "Can change media settings", "content_type": 30, "codename": "change_mediasettings"}}, {"model": "auth.permission", "pk": 119, "fields": {"name": "Can delete media settings", "content_type": 30, "codename": "delete_mediasettings"}}, {"model": "auth.permission", "pk": 120, "fields": {"name": "Can view media settings", "content_type": 30, "codename": "view_mediasettings"}}, {"model": "auth.permission", "pk": 121, "fields": {"name": "Can add media time jump", "content_type": 31, "codename": "add_mediatimejump"}}, {"model": "auth.permission", "pk": 122, "fields": {"name": "Can change media time jump", "content_type": 31, "codename": "change_mediatimejump"}}, {"model": "auth.permission", "pk": 123, "fields": {"name": "Can delete media time jump", "content_type": 31, "codename": "delete_mediatimejump"}}, {"model": "auth.permission", "pk": 124, "fields": {"name": "Can view media time jump", "content_type": 31, "codename": "view_mediatimejump"}}, {"model": "auth.permission", "pk": 125, "fields": {"name": "Can add meta data", "content_type": 32, "codename": "add_metadata"}}, {"model": "auth.permission", "pk": 126, "fields": {"name": "Can change meta data", "content_type": 32, "codename": "change_metadata"}}, {"model": "auth.permission", "pk": 127, "fields": {"name": "Can delete meta data", "content_type": 32, "codename": "delete_metadata"}}, {"model": "auth.permission", "pk": 128, "fields": {"name": "Can view meta data", "content_type": 32, "codename": "view_metadata"}}, {"model": "auth.permission", "pk": 129, "fields": {"name": "Can add play list", "content_type": 33, "codename": "add_playlist"}}, {"model": "auth.permission", "pk": 130, "fields": {"name": "Can change play list", "content_type": 33, "codename": "change_playlist"}}, {"model": "auth.permission", "pk": 131, "fields": {"name": "Can delete play list", "content_type": 33, "codename": "delete_playlist"}}, {"model": "auth.permission", "pk": 132, "fields": {"name": "Can view play list", "content_type": 33, "codename": "view_playlist"}}, {"model": "auth.permission", "pk": 133, "fields": {"name": "Can add background", "content_type": 34, "codename": "add_background"}}, {"model": "auth.permission", "pk": 134, "fields": {"name": "Can change background", "content_type": 34, "codename": "change_background"}}, {"model": "auth.permission", "pk": 135, "fields": {"name": "Can delete background", "content_type": 34, "codename": "delete_background"}}, {"model": "auth.permission", "pk": 136, "fields": {"name": "Can view background", "content_type": 34, "codename": "view_background"}}, {"model": "auth.permission", "pk": 137, "fields": {"name": "Can add image", "content_type": 35, "codename": "add_image"}}, {"model": "auth.permission", "pk": 138, "fields": {"name": "Can change image", "content_type": 35, "codename": "change_image"}}, {"model": "auth.permission", "pk": 139, "fields": {"name": "Can delete image", "content_type": 35, "codename": "delete_image"}}, {"model": "auth.permission", "pk": 140, "fields": {"name": "Can view image", "content_type": 35, "codename": "view_image"}}, {"model": "auth.permission", "pk": 141, "fields": {"name": "Can add object image", "content_type": 36, "codename": "add_objectimage"}}, {"model": "auth.permission", "pk": 142, "fields": {"name": "Can change object image", "content_type": 36, "codename": "change_objectimage"}}, {"model": "auth.permission", "pk": 143, "fields": {"name": "Can delete object image", "content_type": 36, "codename": "delete_objectimage"}}, {"model": "auth.permission", "pk": 144, "fields": {"name": "Can view object image", "content_type": 36, "codename": "view_objectimage"}}, {"model": "auth.permission", "pk": 145, "fields": {"name": "Can add object background", "content_type": 37, "codename": "add_objectbackground"}}, {"model": "auth.permission", "pk": 146, "fields": {"name": "Can change object background", "content_type": 37, "codename": "change_objectbackground"}}, {"model": "auth.permission", "pk": 147, "fields": {"name": "Can delete object background", "content_type": 37, "codename": "delete_objectbackground"}}, {"model": "auth.permission", "pk": 148, "fields": {"name": "Can view object background", "content_type": 37, "codename": "view_objectbackground"}}, {"model": "auth.permission", "pk": 149, "fields": {"name": "Can add discussion", "content_type": 38, "codename": "add_discussion"}}, {"model": "auth.permission", "pk": 150, "fields": {"name": "Can change discussion", "content_type": 38, "codename": "change_discussion"}}, {"model": "auth.permission", "pk": 151, "fields": {"name": "Can delete discussion", "content_type": 38, "codename": "delete_discussion"}}, {"model": "auth.permission", "pk": 152, "fields": {"name": "Can view discussion", "content_type": 38, "codename": "view_discussion"}}, {"model": "auth.permission", "pk": 153, "fields": {"name": "Can add Reply", "content_type": 39, "codename": "add_reply"}}, {"model": "auth.permission", "pk": 154, "fields": {"name": "Can change Reply", "content_type": 39, "codename": "change_reply"}}, {"model": "auth.permission", "pk": 155, "fields": {"name": "Can delete Reply", "content_type": 39, "codename": "delete_reply"}}, {"model": "auth.permission", "pk": 156, "fields": {"name": "Can view Reply", "content_type": 39, "codename": "view_reply"}}, {"model": "auth.permission", "pk": 157, "fields": {"name": "Can add post", "content_type": 40, "codename": "add_post"}}, {"model": "auth.permission", "pk": 158, "fields": {"name": "Can change post", "content_type": 40, "codename": "change_post"}}, {"model": "auth.permission", "pk": 159, "fields": {"name": "Can delete post", "content_type": 40, "codename": "delete_post"}}, {"model": "auth.permission", "pk": 160, "fields": {"name": "Can view post", "content_type": 40, "codename": "view_post"}}, {"model": "auth.permission", "pk": 161, "fields": {"name": "Can add post reaction", "content_type": 41, "codename": "add_postreaction"}}, {"model": "auth.permission", "pk": 162, "fields": {"name": "Can change post reaction", "content_type": 41, "codename": "change_postreaction"}}, {"model": "auth.permission", "pk": 163, "fields": {"name": "Can delete post reaction", "content_type": 41, "codename": "delete_postreaction"}}, {"model": "auth.permission", "pk": 164, "fields": {"name": "Can view post reaction", "content_type": 41, "codename": "view_postreaction"}}, {"model": "auth.permission", "pk": 165, "fields": {"name": "Can add profile", "content_type": 42, "codename": "add_profile"}}, {"model": "auth.permission", "pk": 166, "fields": {"name": "Can change profile", "content_type": 42, "codename": "change_profile"}}, {"model": "auth.permission", "pk": 167, "fields": {"name": "Can delete profile", "content_type": 42, "codename": "delete_profile"}}, {"model": "auth.permission", "pk": 168, "fields": {"name": "Can view profile", "content_type": 42, "codename": "view_profile"}}, {"model": "auth.permission", "pk": 169, "fields": {"name": "Can add injury type", "content_type": 43, "codename": "add_injurytype"}}, {"model": "auth.permission", "pk": 170, "fields": {"name": "Can change injury type", "content_type": 43, "codename": "change_injurytype"}}, {"model": "auth.permission", "pk": 171, "fields": {"name": "Can delete injury type", "content_type": 43, "codename": "delete_injurytype"}}, {"model": "auth.permission", "pk": 172, "fields": {"name": "Can view injury type", "content_type": 43, "codename": "view_injurytype"}}, {"model": "auth.permission", "pk": 173, "fields": {"name": "Can add Injury", "content_type": 44, "codename": "add_injury"}}, {"model": "auth.permission", "pk": 174, "fields": {"name": "Can change Injury", "content_type": 44, "codename": "change_injury"}}, {"model": "auth.permission", "pk": 175, "fields": {"name": "Can delete Injury", "content_type": 44, "codename": "delete_injury"}}, {"model": "auth.permission", "pk": 176, "fields": {"name": "Can view Injury", "content_type": 44, "codename": "view_injury"}}, {"model": "auth.permission", "pk": 177, "fields": {"name": "Can add player", "content_type": 45, "codename": "add_player"}}, {"model": "auth.permission", "pk": 178, "fields": {"name": "Can change player", "content_type": 45, "codename": "change_player"}}, {"model": "auth.permission", "pk": 179, "fields": {"name": "Can delete player", "content_type": 45, "codename": "delete_player"}}, {"model": "auth.permission", "pk": 180, "fields": {"name": "Can view player", "content_type": 45, "codename": "view_player"}}, {"model": "auth.permission", "pk": 181, "fields": {"name": "Can add fitness", "content_type": 46, "codename": "add_fitness"}}, {"model": "auth.permission", "pk": 182, "fields": {"name": "Can change fitness", "content_type": 46, "codename": "change_fitness"}}, {"model": "auth.permission", "pk": 183, "fields": {"name": "Can delete fitness", "content_type": 46, "codename": "delete_fitness"}}, {"model": "auth.permission", "pk": 184, "fields": {"name": "Can view fitness", "content_type": 46, "codename": "view_fitness"}}, {"model": "auth.permission", "pk": 185, "fields": {"name": "Can add Backroom Staff", "content_type": 47, "codename": "add_staff"}}, {"model": "auth.permission", "pk": 186, "fields": {"name": "Can change Backroom Staff", "content_type": 47, "codename": "change_staff"}}, {"model": "auth.permission", "pk": 187, "fields": {"name": "Can delete Backroom Staff", "content_type": 47, "codename": "delete_staff"}}, {"model": "auth.permission", "pk": 188, "fields": {"name": "Can view Backroom Staff", "content_type": 47, "codename": "view_staff"}}, {"model": "auth.permission", "pk": 189, "fields": {"name": "Can add region", "content_type": 48, "codename": "add_region"}}, {"model": "auth.permission", "pk": 190, "fields": {"name": "Can change region", "content_type": 48, "codename": "change_region"}}, {"model": "auth.permission", "pk": 191, "fields": {"name": "Can delete region", "content_type": 48, "codename": "delete_region"}}, {"model": "auth.permission", "pk": 192, "fields": {"name": "Can view region", "content_type": 48, "codename": "view_region"}}, {"model": "auth.permission", "pk": 193, "fields": {"name": "Can add country", "content_type": 49, "codename": "add_country"}}, {"model": "auth.permission", "pk": 194, "fields": {"name": "Can change country", "content_type": 49, "codename": "change_country"}}, {"model": "auth.permission", "pk": 195, "fields": {"name": "Can delete country", "content_type": 49, "codename": "delete_country"}}, {"model": "auth.permission", "pk": 196, "fields": {"name": "Can view country", "content_type": 49, "codename": "view_country"}}, {"model": "auth.permission", "pk": 197, "fields": {"name": "Can add podcast", "content_type": 50, "codename": "add_podcast"}}, {"model": "auth.permission", "pk": 198, "fields": {"name": "Can change podcast", "content_type": 50, "codename": "change_podcast"}}, {"model": "auth.permission", "pk": 199, "fields": {"name": "Can delete podcast", "content_type": 50, "codename": "delete_podcast"}}, {"model": "auth.permission", "pk": 200, "fields": {"name": "Can view podcast", "content_type": 50, "codename": "view_podcast"}}, {"model": "auth.permission", "pk": 201, "fields": {"name": "Can add Episode", "content_type": 51, "codename": "add_episode"}}, {"model": "auth.permission", "pk": 202, "fields": {"name": "Can change Episode", "content_type": 51, "codename": "change_episode"}}, {"model": "auth.permission", "pk": 203, "fields": {"name": "Can delete Episode", "content_type": 51, "codename": "delete_episode"}}, {"model": "auth.permission", "pk": 204, "fields": {"name": "Can view Episode", "content_type": 51, "codename": "view_episode"}}, {"model": "auth.permission", "pk": 205, "fields": {"name": "Can add play back", "content_type": 52, "codename": "add_playback"}}, {"model": "auth.permission", "pk": 206, "fields": {"name": "Can change play back", "content_type": 52, "codename": "change_playback"}}, {"model": "auth.permission", "pk": 207, "fields": {"name": "Can delete play back", "content_type": 52, "codename": "delete_playback"}}, {"model": "auth.permission", "pk": 208, "fields": {"name": "Can view play back", "content_type": 52, "codename": "view_playback"}}, {"model": "auth.permission", "pk": 209, "fields": {"name": "Can add poll", "content_type": 53, "codename": "add_poll"}}, {"model": "auth.permission", "pk": 210, "fields": {"name": "Can change poll", "content_type": 53, "codename": "change_poll"}}, {"model": "auth.permission", "pk": 211, "fields": {"name": "Can delete poll", "content_type": 53, "codename": "delete_poll"}}, {"model": "auth.permission", "pk": 212, "fields": {"name": "Can view poll", "content_type": 53, "codename": "view_poll"}}, {"model": "auth.permission", "pk": 213, "fields": {"name": "Can add choice", "content_type": 54, "codename": "add_choice"}}, {"model": "auth.permission", "pk": 214, "fields": {"name": "Can change choice", "content_type": 54, "codename": "change_choice"}}, {"model": "auth.permission", "pk": 215, "fields": {"name": "Can delete choice", "content_type": 54, "codename": "delete_choice"}}, {"model": "auth.permission", "pk": 216, "fields": {"name": "Can view choice", "content_type": 54, "codename": "view_choice"}}, {"model": "auth.permission", "pk": 217, "fields": {"name": "Can add membership", "content_type": 55, "codename": "add_membership"}}, {"model": "auth.permission", "pk": 218, "fields": {"name": "Can change membership", "content_type": 55, "codename": "change_membership"}}, {"model": "auth.permission", "pk": 219, "fields": {"name": "Can delete membership", "content_type": 55, "codename": "delete_membership"}}, {"model": "auth.permission", "pk": 220, "fields": {"name": "Can view membership", "content_type": 55, "codename": "view_membership"}}, {"model": "auth.permission", "pk": 221, "fields": {"name": "Can add user membership", "content_type": 56, "codename": "add_usermembership"}}, {"model": "auth.permission", "pk": 222, "fields": {"name": "Can change user membership", "content_type": 56, "codename": "change_usermembership"}}, {"model": "auth.permission", "pk": 223, "fields": {"name": "Can delete user membership", "content_type": 56, "codename": "delete_usermembership"}}, {"model": "auth.permission", "pk": 224, "fields": {"name": "Can view user membership", "content_type": 56, "codename": "view_usermembership"}}, {"model": "auth.permission", "pk": 225, "fields": {"name": "Can add subscription", "content_type": 57, "codename": "add_subscription"}}, {"model": "auth.permission", "pk": 226, "fields": {"name": "Can change subscription", "content_type": 57, "codename": "change_subscription"}}, {"model": "auth.permission", "pk": 227, "fields": {"name": "Can delete subscription", "content_type": 57, "codename": "delete_subscription"}}, {"model": "auth.permission", "pk": 228, "fields": {"name": "Can view subscription", "content_type": 57, "codename": "view_subscription"}}, {"model": "auth.permission", "pk": 229, "fields": {"name": "Can add Automatic post list", "content_type": 58, "codename": "add_automaticpostlist"}}, {"model": "auth.permission", "pk": 230, "fields": {"name": "Can change Automatic post list", "content_type": 58, "codename": "change_automaticpostlist"}}, {"model": "auth.permission", "pk": 231, "fields": {"name": "Can delete Automatic post list", "content_type": 58, "codename": "delete_automaticpostlist"}}, {"model": "auth.permission", "pk": 232, "fields": {"name": "Can view Automatic post list", "content_type": 58, "codename": "view_automaticpostlist"}}, {"model": "auth.permission", "pk": 233, "fields": {"name": "Can add Hand Picked Post List", "content_type": 59, "codename": "add_handpickedpostlist"}}, {"model": "auth.permission", "pk": 234, "fields": {"name": "Can change Hand Picked Post List", "content_type": 59, "codename": "change_handpickedpostlist"}}, {"model": "auth.permission", "pk": 235, "fields": {"name": "Can delete Hand Picked Post List", "content_type": 59, "codename": "delete_handpickedpostlist"}}, {"model": "auth.permission", "pk": 236, "fields": {"name": "Can view Hand Picked Post List", "content_type": 59, "codename": "view_handpickedpostlist"}}, {"model": "auth.permission", "pk": 237, "fields": {"name": "Can add Ordered Post List", "content_type": 60, "codename": "add_orderedpostlist"}}, {"model": "auth.permission", "pk": 238, "fields": {"name": "Can change Ordered Post List", "content_type": 60, "codename": "change_orderedpostlist"}}, {"model": "auth.permission", "pk": 239, "fields": {"name": "Can delete Ordered Post List", "content_type": 60, "codename": "delete_orderedpostlist"}}, {"model": "auth.permission", "pk": 240, "fields": {"name": "Can view Ordered Post List", "content_type": 60, "codename": "view_orderedpostlist"}}, {"model": "auth.permission", "pk": 241, "fields": {"name": "Can add Image", "content_type": 61, "codename": "add_image"}}, {"model": "auth.permission", "pk": 242, "fields": {"name": "Can change Image", "content_type": 61, "codename": "change_image"}}, {"model": "auth.permission", "pk": 243, "fields": {"name": "Can delete Image", "content_type": 61, "codename": "delete_image"}}, {"model": "auth.permission", "pk": 244, "fields": {"name": "Can view Image", "content_type": 61, "codename": "view_image"}}, {"model": "auth.permission", "pk": 245, "fields": {"name": "Can add Keyword Promotion", "content_type": 62, "codename": "add_keywordpromotion"}}, {"model": "auth.permission", "pk": 246, "fields": {"name": "Can change Keyword Promotion", "content_type": 62, "codename": "change_keywordpromotion"}}, {"model": "auth.permission", "pk": 247, "fields": {"name": "Can delete Keyword Promotion", "content_type": 62, "codename": "delete_keywordpromotion"}}, {"model": "auth.permission", "pk": 248, "fields": {"name": "Can view Keyword Promotion", "content_type": 62, "codename": "view_keywordpromotion"}}, {"model": "auth.permission", "pk": 249, "fields": {"name": "Can add Multi Image", "content_type": 63, "codename": "add_multiimage"}}, {"model": "auth.permission", "pk": 250, "fields": {"name": "Can change Multi Image", "content_type": 63, "codename": "change_multiimage"}}, {"model": "auth.permission", "pk": 251, "fields": {"name": "Can delete Multi Image", "content_type": 63, "codename": "delete_multiimage"}}, {"model": "auth.permission", "pk": 252, "fields": {"name": "Can view Multi Image", "content_type": 63, "codename": "view_multiimage"}}, {"model": "auth.permission", "pk": 253, "fields": {"name": "Can add Ordered podcast", "content_type": 64, "codename": "add_orderedpodcast"}}, {"model": "auth.permission", "pk": 254, "fields": {"name": "Can change Ordered podcast", "content_type": 64, "codename": "change_orderedpodcast"}}, {"model": "auth.permission", "pk": 255, "fields": {"name": "Can delete Ordered podcast", "content_type": 64, "codename": "delete_orderedpodcast"}}, {"model": "auth.permission", "pk": 256, "fields": {"name": "Can view Ordered podcast", "content_type": 64, "codename": "view_orderedpodcast"}}, {"model": "auth.permission", "pk": 257, "fields": {"name": "Can add Page Promotion", "content_type": 65, "codename": "add_pagepromotion"}}, {"model": "auth.permission", "pk": 258, "fields": {"name": "Can change Page Promotion", "content_type": 65, "codename": "change_pagepromotion"}}, {"model": "auth.permission", "pk": 259, "fields": {"name": "Can delete Page Promotion", "content_type": 65, "codename": "delete_pagepromotion"}}, {"model": "auth.permission", "pk": 260, "fields": {"name": "Can view Page Promotion", "content_type": 65, "codename": "view_pagepromotion"}}, {"model": "auth.permission", "pk": 261, "fields": {"name": "Can add queue", "content_type": 66, "codename": "add_queue"}}, {"model": "auth.permission", "pk": 262, "fields": {"name": "Can change queue", "content_type": 66, "codename": "change_queue"}}, {"model": "auth.permission", "pk": 263, "fields": {"name": "Can delete queue", "content_type": 66, "codename": "delete_queue"}}, {"model": "auth.permission", "pk": 264, "fields": {"name": "Can view queue", "content_type": 66, "codename": "view_queue"}}, {"model": "auth.permission", "pk": 265, "fields": {"name": "Can add queue item", "content_type": 67, "codename": "add_queueitem"}}, {"model": "auth.permission", "pk": 266, "fields": {"name": "Can change queue item", "content_type": 67, "codename": "change_queueitem"}}, {"model": "auth.permission", "pk": 267, "fields": {"name": "Can delete queue item", "content_type": 67, "codename": "delete_queueitem"}}, {"model": "auth.permission", "pk": 268, "fields": {"name": "Can view queue item", "content_type": 67, "codename": "view_queueitem"}}, {"model": "auth.permission", "pk": 269, "fields": {"name": "Can add campaign", "content_type": 68, "codename": "add_campaign"}}, {"model": "auth.permission", "pk": 270, "fields": {"name": "Can change campaign", "content_type": 68, "codename": "change_campaign"}}, {"model": "auth.permission", "pk": 271, "fields": {"name": "Can delete campaign", "content_type": 68, "codename": "delete_campaign"}}, {"model": "auth.permission", "pk": 272, "fields": {"name": "Can view campaign", "content_type": 68, "codename": "view_campaign"}}, {"model": "auth.permission", "pk": 273, "fields": {"name": "Can add league", "content_type": 69, "codename": "add_league"}}, {"model": "auth.permission", "pk": 274, "fields": {"name": "Can change league", "content_type": 69, "codename": "change_league"}}, {"model": "auth.permission", "pk": 275, "fields": {"name": "Can delete league", "content_type": 69, "codename": "delete_league"}}, {"model": "auth.permission", "pk": 276, "fields": {"name": "Can view league", "content_type": 69, "codename": "view_league"}}, {"model": "auth.permission", "pk": 277, "fields": {"name": "Can add stadium", "content_type": 70, "codename": "add_stadium"}}, {"model": "auth.permission", "pk": 278, "fields": {"name": "Can change stadium", "content_type": 70, "codename": "change_stadium"}}, {"model": "auth.permission", "pk": 279, "fields": {"name": "Can delete stadium", "content_type": 70, "codename": "delete_stadium"}}, {"model": "auth.permission", "pk": 280, "fields": {"name": "Can view stadium", "content_type": 70, "codename": "view_stadium"}}, {"model": "auth.permission", "pk": 281, "fields": {"name": "Can add team", "content_type": 71, "codename": "add_team"}}, {"model": "auth.permission", "pk": 282, "fields": {"name": "Can change team", "content_type": 71, "codename": "change_team"}}, {"model": "auth.permission", "pk": 283, "fields": {"name": "Can delete team", "content_type": 71, "codename": "delete_team"}}, {"model": "auth.permission", "pk": 284, "fields": {"name": "Can view team", "content_type": 71, "codename": "view_team"}}, {"model": "auth.permission", "pk": 285, "fields": {"name": "Can add thumbnail", "content_type": 72, "codename": "add_thumbnail"}}, {"model": "auth.permission", "pk": 286, "fields": {"name": "Can change thumbnail", "content_type": 72, "codename": "change_thumbnail"}}, {"model": "auth.permission", "pk": 287, "fields": {"name": "Can delete thumbnail", "content_type": 72, "codename": "delete_thumbnail"}}, {"model": "auth.permission", "pk": 288, "fields": {"name": "Can view thumbnail", "content_type": 72, "codename": "view_thumbnail"}}, {"model": "auth.permission", "pk": 289, "fields": {"name": "Can add formation style", "content_type": 73, "codename": "add_formationstyle"}}, {"model": "auth.permission", "pk": 290, "fields": {"name": "Can change formation style", "content_type": 73, "codename": "change_formationstyle"}}, {"model": "auth.permission", "pk": 291, "fields": {"name": "Can delete formation style", "content_type": 73, "codename": "delete_formationstyle"}}, {"model": "auth.permission", "pk": 292, "fields": {"name": "Can view formation style", "content_type": 73, "codename": "view_formationstyle"}}, {"model": "auth.permission", "pk": 293, "fields": {"name": "Can add position", "content_type": 74, "codename": "add_position"}}, {"model": "auth.permission", "pk": 294, "fields": {"name": "Can change position", "content_type": 74, "codename": "change_position"}}, {"model": "auth.permission", "pk": 295, "fields": {"name": "Can delete position", "content_type": 74, "codename": "delete_position"}}, {"model": "auth.permission", "pk": 296, "fields": {"name": "Can view position", "content_type": 74, "codename": "view_position"}}, {"model": "auth.permission", "pk": 297, "fields": {"name": "Can add line up", "content_type": 75, "codename": "add_lineup"}}, {"model": "auth.permission", "pk": 298, "fields": {"name": "Can change line up", "content_type": 75, "codename": "change_lineup"}}, {"model": "auth.permission", "pk": 299, "fields": {"name": "Can delete line up", "content_type": 75, "codename": "delete_lineup"}}, {"model": "auth.permission", "pk": 300, "fields": {"name": "Can view line up", "content_type": 75, "codename": "view_lineup"}}, {"model": "auth.permission", "pk": 301, "fields": {"name": "Can add shape", "content_type": 76, "codename": "add_shape"}}, {"model": "auth.permission", "pk": 302, "fields": {"name": "Can change shape", "content_type": 76, "codename": "change_shape"}}, {"model": "auth.permission", "pk": 303, "fields": {"name": "Can delete shape", "content_type": 76, "codename": "delete_shape"}}, {"model": "auth.permission", "pk": 304, "fields": {"name": "Can view shape", "content_type": 76, "codename": "view_shape"}}, {"model": "auth.permission", "pk": 305, "fields": {"name": "Can add formation", "content_type": 77, "codename": "add_formation"}}, {"model": "auth.permission", "pk": 306, "fields": {"name": "Can change formation", "content_type": 77, "codename": "change_formation"}}, {"model": "auth.permission", "pk": 307, "fields": {"name": "Can delete formation", "content_type": 77, "codename": "delete_formation"}}, {"model": "auth.permission", "pk": 308, "fields": {"name": "Can view formation", "content_type": 77, "codename": "view_formation"}}, {"model": "auth.permission", "pk": 309, "fields": {"name": "Can add team line up", "content_type": 78, "codename": "add_teamlineup"}}, {"model": "auth.permission", "pk": 310, "fields": {"name": "Can change team line up", "content_type": 78, "codename": "change_teamlineup"}}, {"model": "auth.permission", "pk": 311, "fields": {"name": "Can delete team line up", "content_type": 78, "codename": "delete_teamlineup"}}, {"model": "auth.permission", "pk": 312, "fields": {"name": "Can view team line up", "content_type": 78, "codename": "view_teamlineup"}}, {"model": "auth.permission", "pk": 313, "fields": {"name": "Can add match line up", "content_type": 79, "codename": "add_matchlineup"}}, {"model": "auth.permission", "pk": 314, "fields": {"name": "Can change match line up", "content_type": 79, "codename": "change_matchlineup"}}, {"model": "auth.permission", "pk": 315, "fields": {"name": "Can delete match line up", "content_type": 79, "codename": "delete_matchlineup"}}, {"model": "auth.permission", "pk": 316, "fields": {"name": "Can view match line up", "content_type": 79, "codename": "view_matchlineup"}}, {"model": "auth.permission", "pk": 317, "fields": {"name": "Can add category", "content_type": 80, "codename": "add_category"}}, {"model": "auth.permission", "pk": 318, "fields": {"name": "Can change category", "content_type": 80, "codename": "change_category"}}, {"model": "auth.permission", "pk": 319, "fields": {"name": "Can delete category", "content_type": 80, "codename": "delete_category"}}, {"model": "auth.permission", "pk": 320, "fields": {"name": "Can view category", "content_type": 80, "codename": "view_category"}}, {"model": "contenttypes.contenttype", "pk": 1, "fields": {"app_label": "admin", "model": "logentry"}}, {"model": "contenttypes.contenttype", "pk": 2, "fields": {"app_label": "auth", "model": "permission"}}, {"model": "contenttypes.contenttype", "pk": 3, "fields": {"app_label": "auth", "model": "group"}}, {"model": "contenttypes.contenttype", "pk": 4, "fields": {"app_label": "contenttypes", "model": "contenttype"}}, {"model": "contenttypes.contenttype", "pk": 5, "fields": {"app_label": "sessions", "model": "session"}}, {"model": "contenttypes.contenttype", "pk": 6, "fields": {"app_label": "sites", "model": "site"}}, {"model": "contenttypes.contenttype", "pk": 7, "fields": {"app_label": "flatpages", "model": "flatpage"}}, {"model": "contenttypes.contenttype", "pk": 8, "fields": {"app_label": "guardian", "model": "groupobjectpermission"}}, {"model": "contenttypes.contenttype", "pk": 9, "fields": {"app_label": "guardian", "model": "userobjectpermission"}}, {"model": "contenttypes.contenttype", "pk": 10, "fields": {"app_label": "users", "model": "clerkuser"}}, {"model": "contenttypes.contenttype", "pk": 11, "fields": {"app_label": "analytics", "model": "objectview"}}, {"model": "contenttypes.contenttype", "pk": 12, "fields": {"app_label": "comments", "model": "comment"}}, {"model": "contenttypes.contenttype", "pk": 13, "fields": {"app_label": "match", "model": "booking"}}, {"model": "contenttypes.contenttype", "pk": 14, "fields": {"app_label": "match", "model": "event"}}, {"model": "contenttypes.contenttype", "pk": 15, "fields": {"app_label": "match", "model": "foul"}}, {"model": "contenttypes.contenttype", "pk": 16, "fields": {"app_label": "match", "model": "foulevent"}}, {"model": "contenttypes.contenttype", "pk": 17, "fields": {"app_label": "match", "model": "goal"}}, {"model": "contenttypes.contenttype", "pk": 18, "fields": {"app_label": "match", "model": "goalevent"}}, {"model": "contenttypes.contenttype", "pk": 19, "fields": {"app_label": "match", "model": "highlight"}}, {"model": "contenttypes.contenttype", "pk": 20, "fields": {"app_label": "match", "model": "match"}}, {"model": "contenttypes.contenttype", "pk": 21, "fields": {"app_label": "match", "model": "possession"}}, {"model": "contenttypes.contenttype", "pk": 22, "fields": {"app_label": "match", "model": "setpiece"}}, {"model": "contenttypes.contenttype", "pk": 23, "fields": {"app_label": "match", "model": "shot"}}, {"model": "contenttypes.contenttype", "pk": 24, "fields": {"app_label": "match", "model": "substitution"}}, {"model": "contenttypes.contenttype", "pk": 25, "fields": {"app_label": "match", "model": "teampossession"}}, {"model": "contenttypes.contenttype", "pk": 26, "fields": {"app_label": "media", "model": "media"}}, {"model": "contenttypes.contenttype", "pk": 27, "fields": {"app_label": "media", "model": "mediaimage"}}, {"model": "contenttypes.contenttype", "pk": 28, "fields": {"app_label": "media", "model": "mediastreammeta"}}, {"model": "contenttypes.contenttype", "pk": 29, "fields": {"app_label": "media", "model": "timestamp"}}, {"model": "contenttypes.contenttype", "pk": 30, "fields": {"app_label": "media", "model": "mediasettings"}}, {"model": "contenttypes.contenttype", "pk": 31, "fields": {"app_label": "media", "model": "mediatimejump"}}, {"model": "contenttypes.contenttype", "pk": 32, "fields": {"app_label": "media", "model": "metadata"}}, {"model": "contenttypes.contenttype", "pk": 33, "fields": {"app_label": "media", "model": "playlist"}}, {"model": "contenttypes.contenttype", "pk": 34, "fields": {"app_label": "images", "model": "background"}}, {"model": "contenttypes.contenttype", "pk": 35, "fields": {"app_label": "images", "model": "image"}}, {"model": "contenttypes.contenttype", "pk": 36, "fields": {"app_label": "images", "model": "objectimage"}}, {"model": "contenttypes.contenttype", "pk": 37, "fields": {"app_label": "images", "model": "objectbackground"}}, {"model": "contenttypes.contenttype", "pk": 38, "fields": {"app_label": "forum", "model": "discussion"}}, {"model": "contenttypes.contenttype", "pk": 39, "fields": {"app_label": "forum", "model": "reply"}}, {"model": "contenttypes.contenttype", "pk": 40, "fields": {"app_label": "posts", "model": "post"}}, {"model": "contenttypes.contenttype", "pk": 41, "fields": {"app_label": "posts", "model": "postreaction"}}, {"model": "contenttypes.contenttype", "pk": 42, "fields": {"app_label": "profiles", "model": "profile"}}, {"model": "contenttypes.contenttype", "pk": 43, "fields": {"app_label": "persons", "model": "injurytype"}}, {"model": "contenttypes.contenttype", "pk": 44, "fields": {"app_label": "persons", "model": "injury"}}, {"model": "contenttypes.contenttype", "pk": 45, "fields": {"app_label": "persons", "model": "player"}}, {"model": "contenttypes.contenttype", "pk": 46, "fields": {"app_label": "persons", "model": "fitness"}}, {"model": "contenttypes.contenttype", "pk": 47, "fields": {"app_label": "persons", "model": "staff"}}, {"model": "contenttypes.contenttype", "pk": 48, "fields": {"app_label": "region", "model": "region"}}, {"model": "contenttypes.contenttype", "pk": 49, "fields": {"app_label": "region", "model": "country"}}, {"model": "contenttypes.contenttype", "pk": 50, "fields": {"app_label": "podcasts", "model": "podcast"}}, {"model": "contenttypes.contenttype", "pk": 51, "fields": {"app_label": "podcasts", "model": "episode"}}, {"model": "contenttypes.contenttype", "pk": 52, "fields": {"app_label": "podcasts", "model": "playback"}}, {"model": "contenttypes.contenttype", "pk": 53, "fields": {"app_label": "polls", "model": "poll"}}, {"model": "contenttypes.contenttype", "pk": 54, "fields": {"app_label": "polls", "model": "choice"}}, {"model": "contenttypes.contenttype", "pk": 55, "fields": {"app_label": "memberships", "model": "membership"}}, {"model": "contenttypes.contenttype", "pk": 56, "fields": {"app_label": "memberships", "model": "usermembership"}}, {"model": "contenttypes.contenttype", "pk": 57, "fields": {"app_label": "memberships", "model": "subscription"}}, {"model": "contenttypes.contenttype", "pk": 58, "fields": {"app_label": "promotions", "model": "automaticpostlist"}}, {"model": "contenttypes.contenttype", "pk": 59, "fields": {"app_label": "promotions", "model": "handpickedpostlist"}}, {"model": "contenttypes.contenttype", "pk": 60, "fields": {"app_label": "promotions", "model": "orderedpostlist"}}, {"model": "contenttypes.contenttype", "pk": 61, "fields": {"app_label": "promotions", "model": "image"}}, {"model": "contenttypes.contenttype", "pk": 62, "fields": {"app_label": "promotions", "model": "keywordpromotion"}}, {"model": "contenttypes.contenttype", "pk": 63, "fields": {"app_label": "promotions", "model": "multiimage"}}, {"model": "contenttypes.contenttype", "pk": 64, "fields": {"app_label": "promotions", "model": "orderedpodcast"}}, {"model": "contenttypes.contenttype", "pk": 65, "fields": {"app_label": "promotions", "model": "pagepromotion"}}, {"model": "contenttypes.contenttype", "pk": 66, "fields": {"app_label": "queue", "model": "queue"}}, {"model": "contenttypes.contenttype", "pk": 67, "fields": {"app_label": "queue", "model": "queueitem"}}, {"model": "contenttypes.contenttype", "pk": 68, "fields": {"app_label": "leagues", "model": "campaign"}}, {"model": "contenttypes.contenttype", "pk": 69, "fields": {"app_label": "leagues", "model": "league"}}, {"model": "contenttypes.contenttype", "pk": 70, "fields": {"app_label": "clubs", "model": "stadium"}}, {"model": "contenttypes.contenttype", "pk": 71, "fields": {"app_label": "clubs", "model": "team"}}, {"model": "contenttypes.contenttype", "pk": 72, "fields": {"app_label": "thumbnail", "model": "thumbnail"}}, {"model": "contenttypes.contenttype", "pk": 73, "fields": {"app_label": "tactics", "model": "formationstyle"}}, {"model": "contenttypes.contenttype", "pk": 74, "fields": {"app_label": "tactics", "model": "position"}}, {"model": "contenttypes.contenttype", "pk": 75, "fields": {"app_label": "tactics", "model": "lineup"}}, {"model": "contenttypes.contenttype", "pk": 76, "fields": {"app_label": "tactics", "model": "shape"}}, {"model": "contenttypes.contenttype", "pk": 77, "fields": {"app_label": "tactics", "model": "formation"}}, {"model": "contenttypes.contenttype", "pk": 78, "fields": {"app_label": "tactics", "model": "teamlineup"}}, {"model": "contenttypes.contenttype", "pk": 79, "fields": {"app_label": "tactics", "model": "matchlineup"}}, {"model": "contenttypes.contenttype", "pk": 80, "fields": {"app_label": "category", "model": "category"}}, {"model": "sessions.session", "pk": "t5gaofkt6yjzu3qf8mu0kng2do6mwsfi", "fields": {"session_data": ".eJxVjMsOgkAMAP-lZ7Mprcu2Hr37DaRLF0ENJDxOxn83JBz0OjOZNzS2rX2zLWVuBocLEJx-Wbb2WcZd-MPG-xTaaVznIYc9CYddwm3y8roe7d-gt6WHC6SI1GJCk8qxipE5R687t1iriGYsmtQNiWuTs0hHQqyJkUmZ1OHzBbDGNjM:1vmRCN:khvuKHUo8N8e6JABqYnhjUj3bL3_zgmlVUSwumFN0Bw", "expire_date": "2026-03-03T06:44:43.287Z"}}, {"model": "sites.site", "pk": 1, "fields": {"domain": "example.com", "name": "example.com"}}, {"model": "users.clerkuser", "pk": 1, "fields": {"password": "!jkPbGVTxunTKumOzBxHPUvFyR4i13HQlrroKastA", "last_login": null, "is_superuser": false, "clerk_user_id": null, "email": null, "username": "AnonymousUser", "first_name": "", "last_name": "", "is_staff": false, "is_active": true, "image": null, "date_joined": "2025-12-28T17:21:26.325Z", "last_active_at": null, "groups": [], "user_permissions": []}}, {"model": "users.clerkuser", "pk": 2, "fields": {"password": "pbkdf2_sha256$1000000$mVQE6tmg285xDwd5s51KSR$lJ3NoVCNuIJqQfEnEpZF0DdTbYaMmCMcbSrd4qmKhEw=", "last_login": "2026-01-22T20:30:38.191Z", "is_superuser": true, "clerk_user_id": null, "email": "lakanbi37@gmail.com", "username": "Lekan", "first_name": "", "last_name": "", "is_staff": true, "is_active": true, "image": null, "date_joined": "2025-12-28T17:22:16.081Z", "last_active_at": null, "groups": [], "user_permissions": []}}, {"model": "analytics.objectview", "pk": 1, "fields": {"user": 2, "ip_address": "127.0.0.1", "content_type": 50, "object_id": 17, "timestamp": "2025-12-29T07:31:07.434Z"}}, {"model": "analytics.objectview", "pk": 2, "fields": {"user": 2, "ip_address": "127.0.0.1", "content_type": 50, "object_id": 6, "timestamp": "2025-12-29T07:35:57.393Z"}}, {"model": "analytics.objectview", "pk": 3, "fields": {"user": 2, "ip_address": "127.0.0.1", "content_type": 50, "object_id": 5, "timestamp": "2025-12-29T07:36:42.493Z"}}, {"model": "analytics.objectview", "pk": 4, "fields": {"user": 2, "ip_address": "127.0.0.1", "content_type": 50, "object_id": 5, "timestamp": "2025-12-29T07:36:42.494Z"}}, {"model": "analytics.objectview", "pk": 5, "fields": {"user": 2, "ip_address": "127.0.0.1", "content_type": 50, "object_id": 4, "timestamp": "2025-12-29T07:36:58.622Z"}}, {"model": "analytics.objectview", "pk": 6, "fields": {"user": 2, "ip_address": "127.0.0.1", "content_type": 50, "object_id": 4, "timestamp": "2025-12-29T07:36:58.623Z"}}, {"model": "analytics.objectview", "pk": 7, "fields": {"user": 2, "ip_address": "127.0.0.1", "content_type": 50, "object_id": 3, "timestamp": "2025-12-29T07:37:11.406Z"}}, {"model": "analytics.objectview", "pk": 8, "fields": {"user": 2, "ip_address": "127.0.0.1", "content_type": 50, "object_id": 1, "timestamp": "2025-12-29T07:37:28.693Z"}}, {"model": "analytics.objectview", "pk": 9, "fields": {"user": 2, "ip_address": "127.0.0.1", "content_type": 50, "object_id": 7, "timestamp": "2025-12-29T07:37:56.171Z"}}, {"model": "analytics.objectview", "pk": 10, "fields": {"user": 2, "ip_address": "127.0.0.1", "content_type": 50, "object_id": 9, "timestamp": "2025-12-29T07:41:46.759Z"}}, {"model": "analytics.objectview", "pk": 11, "fields": {"user": 2, "ip_address": "127.0.0.1", "content_type": 50, "object_id": 1, "timestamp": "2025-12-29T09:14:12.694Z"}}, {"model": "analytics.objectview", "pk": 12, "fields": {"user": 2, "ip_address": "127.0.0.1", "content_type": 50, "object_id": 1, "timestamp": "2025-12-29T09:14:12.693Z"}}, {"model": "analytics.objectview", "pk": 13, "fields": {"user": 2, "ip_address": "127.0.0.1", "content_type": 50, "object_id": 1, "timestamp": "2025-12-29T09:27:49.905Z"}}, {"model": "analytics.objectview", "pk": 14, "fields": {"user": 2, "ip_address": "127.0.0.1", "content_type": 50, "object_id": 1, "timestamp": "2025-12-29T09:27:49.906Z"}}, {"model": "analytics.objectview", "pk": 15, "fields": {"user": 2, "ip_address": "127.0.0.1", "content_type": 50, "object_id": 1, "timestamp": "2025-12-29T10:13:53.861Z"}}, {"model": "analytics.objectview", "pk": 16, "fields": {"user": 2, "ip_address": "127.0.0.1", "content_type": 50, "object_id": 1, "timestamp": "2025-12-29T10:13:53.861Z"}}, {"model": "analytics.objectview", "pk": 17, "fields": {"user": 2, "ip_address": "127.0.0.1", "content_type": 50, "object_id": 7, "timestamp": "2025-12-29T10:17:08.788Z"}}, {"model": "analytics.objectview", "pk": 18, "fields": {"user": 2, "ip_address": "127.0.0.1", "content_type": 50, "object_id": 7, "timestamp": "2025-12-29T10:17:08.793Z"}}, {"model": "analytics.objectview", "pk": 19, "fields": {"user": 2, "ip_address": "127.0.0.1", "content_type": 50, "object_id": 3, "timestamp": "2025-12-29T10:20:29.045Z"}}, {"model": "analytics.objectview", "pk": 20, "fields": {"user": 2, "ip_address": "127.0.0.1", "content_type": 50, "object_id": 4, "timestamp": "2025-12-29T11:01:24.351Z"}}, {"model": "analytics.objectview", "pk": 21, "fields": {"user": 2, "ip_address": "127.0.0.1", "content_type": 50, "object_id": 3, "timestamp": "2025-12-29T11:04:11.404Z"}}, {"model": "analytics.objectview", "pk": 22, "fields": {"user": 2, "ip_address": "127.0.0.1", "content_type": 50, "object_id": 3, "timestamp": "2025-12-29T11:04:11.409Z"}}, {"model": "analytics.objectview", "pk": 23, "fields": {"user": 2, "ip_address": "127.0.0.1", "content_type": 50, "object_id": 3, "timestamp": "2025-12-29T11:24:53.785Z"}}, {"model": "analytics.objectview", "pk": 24, "fields": {"user": 2, "ip_address": "127.0.0.1", "content_type": 50, "object_id": 3, "timestamp": "2025-12-29T11:24:53.787Z"}}, {"model": "analytics.objectview", "pk": 25, "fields": {"user": 2, "ip_address": "127.0.0.1", "content_type": 50, "object_id": 6, "timestamp": "2025-12-29T11:26:26.175Z"}}, {"model": "analytics.objectview", "pk": 26, "fields": {"user": 2, "ip_address": "127.0.0.1", "content_type": 50, "object_id": 6, "timestamp": "2025-12-29T11:26:26.176Z"}}, {"model": "analytics.objectview", "pk": 27, "fields": {"user": 2, "ip_address": "127.0.0.1", "content_type": 50, "object_id": 5, "timestamp": "2025-12-29T11:33:56.630Z"}}, {"model": "analytics.objectview", "pk": 28, "fields": {"user": 2, "ip_address": "127.0.0.1", "content_type": 50, "object_id": 4, "timestamp": "2025-12-29T11:39:16.581Z"}}, {"model": "analytics.objectview", "pk": 29, "fields": {"user": 2, "ip_address": "127.0.0.1", "content_type": 50, "object_id": 11, "timestamp": "2025-12-30T01:26:11.616Z"}}, {"model": "analytics.objectview", "pk": 30, "fields": {"user": 2, "ip_address": "127.0.0.1", "content_type": 50, "object_id": 11, "timestamp": "2026-01-04T18:40:56.065Z"}}, {"model": "analytics.objectview", "pk": 31, "fields": {"user": 2, "ip_address": "127.0.0.1", "content_type": 50, "object_id": 11, "timestamp": "2026-01-04T18:40:56.067Z"}}, {"model": "analytics.objectview", "pk": 32, "fields": {"user": 2, "ip_address": "127.0.0.1", "content_type": 50, "object_id": 12, "timestamp": "2026-01-04T18:50:09.534Z"}}, {"model": "analytics.objectview", "pk": 33, "fields": {"user": 2, "ip_address": "127.0.0.1", "content_type": 50, "object_id": 12, "timestamp": "2026-01-04T18:50:09.535Z"}}, {"model": "analytics.objectview", "pk": 34, "fields": {"user": 2, "ip_address": "127.0.0.1", "content_type": 50, "object_id": 13, "timestamp": "2026-01-04T18:50:29.505Z"}}, {"model": "analytics.objectview", "pk": 35, "fields": {"user": 2, "ip_address": "127.0.0.1", "content_type": 50, "object_id": 13, "timestamp": "2026-01-04T18:50:29.504Z"}}, {"model": "analytics.objectview", "pk": 36, "fields": {"user": 2, "ip_address": "127.0.0.1", "content_type": 50, "object_id": 17, "timestamp": "2026-01-04T18:55:18.189Z"}}, {"model": "analytics.objectview", "pk": 37, "fields": {"user": 2, "ip_address": "127.0.0.1", "content_type": 50, "object_id": 17, "timestamp": "2026-01-04T18:55:18.193Z"}}, {"model": "analytics.objectview", "pk": 38, "fields": {"user": 2, "ip_address": "127.0.0.1", "content_type": 50, "object_id": 17, "timestamp": "2026-01-04T19:24:58.640Z"}}, {"model": "analytics.objectview", "pk": 39, "fields": {"user": 2, "ip_address": "127.0.0.1", "content_type": 50, "object_id": 17, "timestamp": "2026-01-04T19:24:58.641Z"}}, {"model": "analytics.objectview", "pk": 40, "fields": {"user": 2, "ip_address": "127.0.0.1", "content_type": 50, "object_id": 18, "timestamp": "2026-01-04T19:31:40.846Z"}}, {"model": "analytics.objectview", "pk": 41, "fields": {"user": 2, "ip_address": "127.0.0.1", "content_type": 50, "object_id": 18, "timestamp": "2026-01-04T19:31:40.847Z"}}, {"model": "analytics.objectview", "pk": 42, "fields": {"user": 2, "ip_address": "127.0.0.1", "content_type": 50, "object_id": 19, "timestamp": "2026-01-04T19:32:23.562Z"}}, {"model": "analytics.objectview", "pk": 43, "fields": {"user": 2, "ip_address": "127.0.0.1", "content_type": 50, "object_id": 19, "timestamp": "2026-01-04T19:32:23.566Z"}}, {"model": "analytics.objectview", "pk": 44, "fields": {"user": 2, "ip_address": "127.0.0.1", "content_type": 50, "object_id": 16, "timestamp": "2026-01-04T19:44:28.582Z"}}, {"model": "analytics.objectview", "pk": 45, "fields": {"user": 2, "ip_address": "127.0.0.1", "content_type": 50, "object_id": 15, "timestamp": "2026-01-04T19:44:58.274Z"}}, {"model": "analytics.objectview", "pk": 46, "fields": {"user": 2, "ip_address": "127.0.0.1", "content_type": 50, "object_id": 15, "timestamp": "2026-01-04T19:44:58.278Z"}}, {"model": "analytics.objectview", "pk": 47, "fields": {"user": null, "ip_address": "127.0.0.1", "content_type": 50, "object_id": 7, "timestamp": "2026-01-05T21:07:16.167Z"}}, {"model": "analytics.objectview", "pk": 48, "fields": {"user": null, "ip_address": "127.0.0.1", "content_type": 50, "object_id": 7, "timestamp": "2026-01-05T21:07:16.169Z"}}, {"model": "analytics.objectview", "pk": 49, "fields": {"user": null, "ip_address": "127.0.0.1", "content_type": 50, "object_id": 6, "timestamp": "2026-01-05T21:10:19.066Z"}}, {"model": "analytics.objectview", "pk": 50, "fields": {"user": null, "ip_address": "127.0.0.1", "content_type": 50, "object_id": 17, "timestamp": "2026-01-05T21:16:21.784Z"}}, {"model": "analytics.objectview", "pk": 51, "fields": {"user": null, "ip_address": "127.0.0.1", "content_type": 50, "object_id": 17, "timestamp": "2026-01-05T21:16:21.791Z"}}, {"model": "analytics.objectview", "pk": 52, "fields": {"user": null, "ip_address": "127.0.0.1", "content_type": 50, "object_id": 19, "timestamp": "2026-01-05T21:31:50.184Z"}}, {"model": "analytics.objectview", "pk": 53, "fields": {"user": null, "ip_address": "127.0.0.1", "content_type": 50, "object_id": 19, "timestamp": "2026-01-05T21:31:50.185Z"}}, {"model": "analytics.objectview", "pk": 54, "fields": {"user": null, "ip_address": "127.0.0.1", "content_type": 50, "object_id": 19, "timestamp": "2026-01-05T21:47:05.791Z"}}, {"model": "analytics.objectview", "pk": 55, "fields": {"user": null, "ip_address": "127.0.0.1", "content_type": 50, "object_id": 14, "timestamp": "2026-01-08T18:32:04.631Z"}}, {"model": "analytics.objectview", "pk": 56, "fields": {"user": null, "ip_address": "127.0.0.1", "content_type": 50, "object_id": 14, "timestamp": "2026-01-08T18:32:04.633Z"}}, {"model": "analytics.objectview", "pk": 57, "fields": {"user": null, "ip_address": "127.0.0.1", "content_type": 50, "object_id": 17, "timestamp": "2026-01-08T18:34:29.088Z"}}, {"model": "analytics.objectview", "pk": 58, "fields": {"user": null, "ip_address": "127.0.0.1", "content_type": 50, "object_id": 17, "timestamp": "2026-01-08T18:34:29.097Z"}}, {"model": "analytics.objectview", "pk": 59, "fields": {"user": null, "ip_address": "127.0.0.1", "content_type": 50, "object_id": 18, "timestamp": "2026-01-08T18:39:57.611Z"}}, {"model": "analytics.objectview", "pk": 60, "fields": {"user": null, "ip_address": "::1", "content_type": 50, "object_id": 17, "timestamp": "2026-01-11T14:09:04.905Z"}}, {"model": "analytics.objectview", "pk": 61, "fields": {"user": null, "ip_address": "::1", "content_type": 50, "object_id": 3, "timestamp": "2026-01-11T14:19:47.292Z"}}, {"model": "analytics.objectview", "pk": 62, "fields": {"user": null, "ip_address": "::1", "content_type": 50, "object_id": 6, "timestamp": "2026-01-11T23:01:21.759Z"}}, {"model": "analytics.objectview", "pk": 63, "fields": {"user": null, "ip_address": "::1", "content_type": 50, "object_id": 8, "timestamp": "2026-01-11T23:02:17.664Z"}}, {"model": "analytics.objectview", "pk": 64, "fields": {"user": null, "ip_address": "::1", "content_type": 50, "object_id": 5, "timestamp": "2026-01-12T09:53:37.992Z"}}, {"model": "analytics.objectview", "pk": 65, "fields": {"user": null, "ip_address": "::1", "content_type": 50, "object_id": 6, "timestamp": "2026-01-12T09:55:05.449Z"}}, {"model": "analytics.objectview", "pk": 66, "fields": {"user": null, "ip_address": "::1", "content_type": 50, "object_id": 7, "timestamp": "2026-01-12T09:59:29.029Z"}}, {"model": "analytics.objectview", "pk": 67, "fields": {"user": null, "ip_address": "::1", "content_type": 50, "object_id": 9, "timestamp": "2026-01-12T10:00:12.971Z"}}, {"model": "analytics.objectview", "pk": 68, "fields": {"user": null, "ip_address": "::1", "content_type": 50, "object_id": 1, "timestamp": "2026-01-12T10:01:50.147Z"}}, {"model": "analytics.objectview", "pk": 69, "fields": {"user": null, "ip_address": "::1", "content_type": 50, "object_id": 4, "timestamp": "2026-01-12T11:46:54.055Z"}}, {"model": "analytics.objectview", "pk": 70, "fields": {"user": null, "ip_address": "::1", "content_type": 50, "object_id": 15, "timestamp": "2026-01-12T11:47:40.197Z"}}, {"model": "analytics.objectview", "pk": 71, "fields": {"user": null, "ip_address": "::1", "content_type": 50, "object_id": 10, "timestamp": "2026-01-12T11:48:32.783Z"}}, {"model": "analytics.objectview", "pk": 72, "fields": {"user": null, "ip_address": "::1", "content_type": 50, "object_id": 11, "timestamp": "2026-01-12T11:51:57.104Z"}}, {"model": "analytics.objectview", "pk": 73, "fields": {"user": null, "ip_address": "::1", "content_type": 50, "object_id": 8, "timestamp": "2026-01-12T11:52:31.063Z"}}, {"model": "analytics.objectview", "pk": 74, "fields": {"user": null, "ip_address": "::1", "content_type": 50, "object_id": 2, "timestamp": "2026-01-12T21:34:50.079Z"}}, {"model": "analytics.objectview", "pk": 75, "fields": {"user": null, "ip_address": "::1", "content_type": 50, "object_id": 11, "timestamp": "2026-01-16T23:46:45.276Z"}}, {"model": "analytics.objectview", "pk": 76, "fields": {"user": null, "ip_address": "::1", "content_type": 50, "object_id": 2, "timestamp": "2026-01-17T11:26:35.870Z"}}, {"model": "analytics.objectview", "pk": 77, "fields": {"user": null, "ip_address": "::1", "content_type": 50, "object_id": 2, "timestamp": "2026-01-17T11:38:45.592Z"}}, {"model": "analytics.objectview", "pk": 78, "fields": {"user": null, "ip_address": "::1", "content_type": 50, "object_id": 18, "timestamp": "2026-01-19T23:03:42.656Z"}}, {"model": "analytics.objectview", "pk": 79, "fields": {"user": null, "ip_address": "::1", "content_type": 50, "object_id": 17, "timestamp": "2026-01-21T19:34:07.040Z"}}, {"model": "analytics.objectview", "pk": 80, "fields": {"user": null, "ip_address": "::1", "content_type": 50, "object_id": 14, "timestamp": "2026-01-21T19:44:03.341Z"}}, {"model": "analytics.objectview", "pk": 81, "fields": {"user": null, "ip_address": "127.0.0.1", "content_type": 50, "object_id": 14, "timestamp": "2026-01-22T20:25:31.605Z"}}, {"model": "analytics.objectview", "pk": 82, "fields": {"user": 2, "ip_address": "127.0.0.1", "content_type": 50, "object_id": 19, "timestamp": "2026-01-22T20:34:36.260Z"}}, {"model": "analytics.objectview", "pk": 83, "fields": {"user": 2, "ip_address": "127.0.0.1", "content_type": 50, "object_id": 18, "timestamp": "2026-01-24T00:10:11.241Z"}}, {"model": "analytics.objectview", "pk": 84, "fields": {"user": 2, "ip_address": "127.0.0.1", "content_type": 50, "object_id": 17, "timestamp": "2026-01-24T11:26:10.589Z"}}, {"model": "analytics.objectview", "pk": 85, "fields": {"user": 2, "ip_address": "127.0.0.1", "content_type": 50, "object_id": 16, "timestamp": "2026-01-24T11:40:18.551Z"}}, {"model": "analytics.objectview", "pk": 86, "fields": {"user": 2, "ip_address": "127.0.0.1", "content_type": 50, "object_id": 8, "timestamp": "2026-01-24T11:43:59.816Z"}}, {"model": "analytics.objectview", "pk": 87, "fields": {"user": 2, "ip_address": "127.0.0.1", "content_type": 50, "object_id": 17, "timestamp": "2026-01-24T11:56:24.802Z"}}, {"model": "analytics.objectview", "pk": 88, "fields": {"user": 2, "ip_address": "127.0.0.1", "content_type": 50, "object_id": 17, "timestamp": "2026-01-24T12:10:04.639Z"}}, {"model": "analytics.objectview", "pk": 89, "fields": {"user": 2, "ip_address": "127.0.0.1", "content_type": 50, "object_id": 17, "timestamp": "2026-01-24T17:08:59.253Z"}}, {"model": "analytics.objectview", "pk": 90, "fields": {"user": 2, "ip_address": "127.0.0.1", "content_type": 50, "object_id": 17, "timestamp": "2026-01-24T17:23:56.462Z"}}, {"model": "analytics.objectview", "pk": 91, "fields": {"user": 2, "ip_address": "127.0.0.1", "content_type": 50, "object_id": 17, "timestamp": "2026-01-24T17:39:03.639Z"}}, {"model": "analytics.objectview", "pk": 92, "fields": {"user": 2, "ip_address": "127.0.0.1", "content_type": 50, "object_id": 15, "timestamp": "2026-01-28T23:27:18.934Z"}}, {"model": "analytics.objectview", "pk": 93, "fields": {"user": 2, "ip_address": "127.0.0.1", "content_type": 50, "object_id": 17, "timestamp": "2026-01-28T23:40:32.975Z"}}, {"model": "analytics.objectview", "pk": 94, "fields": {"user": 2, "ip_address": "127.0.0.1", "content_type": 50, "object_id": 17, "timestamp": "2026-01-29T06:08:18.446Z"}}, {"model": "analytics.objectview", "pk": 95, "fields": {"user": 2, "ip_address": "127.0.0.1", "content_type": 50, "object_id": 18, "timestamp": "2026-01-29T06:10:47.152Z"}}, {"model": "analytics.objectview", "pk": 96, "fields": {"user": 2, "ip_address": "127.0.0.1", "content_type": 50, "object_id": 19, "timestamp": "2026-01-29T06:13:42.907Z"}}, {"model": "analytics.objectview", "pk": 97, "fields": {"user": 2, "ip_address": "127.0.0.1", "content_type": 50, "object_id": 19, "timestamp": "2026-01-30T20:08:31.859Z"}}, {"model": "analytics.objectview", "pk": 98, "fields": {"user": 2, "ip_address": "127.0.0.1", "content_type": 50, "object_id": 6, "timestamp": "2026-01-30T20:13:27.099Z"}}, {"model": "analytics.objectview", "pk": 99, "fields": {"user": 2, "ip_address": "127.0.0.1", "content_type": 50, "object_id": 15, "timestamp": "2026-01-30T20:34:16.522Z"}}, {"model": "analytics.objectview", "pk": 100, "fields": {"user": 2, "ip_address": "127.0.0.1", "content_type": 50, "object_id": 3, "timestamp": "2026-01-30T20:37:14.810Z"}}, {"model": "analytics.objectview", "pk": 101, "fields": {"user": 2, "ip_address": "127.0.0.1", "content_type": 50, "object_id": 3, "timestamp": "2026-01-31T10:36:18.381Z"}}, {"model": "analytics.objectview", "pk": 102, "fields": {"user": 2, "ip_address": "127.0.0.1", "content_type": 50, "object_id": 17, "timestamp": "2026-01-31T10:37:28.975Z"}}, {"model": "category.category", "pk": 1, "fields": {"name": "VAR Room", "description": "", "slug": "var-room-fr", "tier": 1, "weight": 1, "created_at": "2026-02-01T06:44:43.243Z"}}, {"model": "media.media", "pk": 1, "fields": {"filename": "#725: Consumer confidence...and caution...with Eric Miao, Attentive", "encoding": null, "file": "Media/A/A.175008.019947.Ep1.mp3", "ext": ".mp3", "url": null, "type": "A"}}, {"model": "media.metadata", "pk": 1, "fields": {"format_name": "mp3", "media": 1, "duration": "1435.689750", "size": "34792623", "bit_rate": "193872", "streams": [1]}}, {"model": "media.mediastreammeta", "pk": 1, "fields": {"codec_type": "audio", "codec_name": "mp3", "bit_rate": "192000", "codec_tag_string": "[0][0][0][0]", "codec_long_name": "MP3 (MPEG audio layer 3)", "codec_tag": "0x0000", "width": null, "height": null, "avg_frame_rate": "0/0", "sample_rate": "44100", "channels": 2}}, {"model": "media.mediaimage", "pk": 1, "fields": {"file": "MediaImage/images/images.175008.019947.Haaland.jpg", "filename": "MediaImage/images/images.175008.019947.Haaland.jpg", "timestamp": "2025-12-28T17:50:53.972Z", "size": null, "width": 736, "height": 920}}, {"model": "media.mediaimage", "pk": 2, "fields": {"file": "MediaImage/images/images.175008.019947.7849c687f82acf2d5c7c0c3b1a9d48cb.jpg", "filename": "MediaImage/images/images.175008.019947.7849c687f82acf2d5c7c0c3b1a9d48cb.jpg", "timestamp": "2025-12-28T17:52:58.706Z", "size": null, "width": 720, "height": 720}}, {"model": "media.mediaimage", "pk": 3, "fields": {"file": "MediaImage/images/images.175008.019947.5ba4a00e2ad720dc39940441512f1f97.jpg", "filename": "MediaImage/images/images.175008.019947.5ba4a00e2ad720dc39940441512f1f97.jpg", "timestamp": "2025-12-28T17:53:59.861Z", "size": null, "width": 736, "height": 994}}, {"model": "media.mediaimage", "pk": 4, "fields": {"file": "MediaImage/images/images.175008.019947.Made_in_Lamasia.jpg", "filename": "MediaImage/images/images.175008.019947.Made_in_Lamasia.jpg", "timestamp": "2025-12-28T17:56:25.835Z", "size": null, "width": 736, "height": 1308}}, {"model": "media.mediaimage", "pk": 5, "fields": {"file": "MediaImage/images/images.175008.019947.ed753b51e21dac95d446c84c7f5f4e81.jpg", "filename": "MediaImage/images/images.175008.019947.ed753b51e21dac95d446c84c7f5f4e81.jpg", "timestamp": "2025-12-28T18:01:27.793Z", "size": null, "width": 736, "height": 981}}, {"model": "media.mediaimage", "pk": 6, "fields": {"file": "MediaImage/images/images.175008.019947.brazil_1970.jpg", "filename": "MediaImage/images/images.175008.019947.brazil_1970.jpg", "timestamp": "2025-12-28T18:18:53.529Z", "size": null, "width": 1200, "height": 1200}}, {"model": "media.mediaimage", "pk": 7, "fields": {"file": "MediaImage/images/images.175008.019947.maradona.jpg", "filename": "MediaImage/images/images.175008.019947.maradona.jpg", "timestamp": "2025-12-28T18:22:52.280Z", "size": null, "width": 736, "height": 1318}}, {"model": "media.mediaimage", "pk": 8, "fields": {"file": "MediaImage/images/images.175008.019947.Maradona_Napoli.jpg", "filename": "MediaImage/images/images.175008.019947.Maradona_Napoli.jpg", "timestamp": "2025-12-28T18:23:15.161Z", "size": null, "width": 736, "height": 1035}}, {"model": "media.mediaimage", "pk": 9, "fields": {"file": "MediaImage/images/images.175008.019947.Arsenal_Invincbles.jpg", "filename": "MediaImage/images/images.175008.019947.Arsenal_Invincbles.jpg", "timestamp": "2025-12-28T18:27:16.111Z", "size": null, "width": 690, "height": 960}}, {"model": "media.mediaimage", "pk": 10, "fields": {"file": "MediaImage/images/images.175008.019947.invincibles_2.jpg", "filename": "MediaImage/images/images.175008.019947.invincibles_2.jpg", "timestamp": "2025-12-28T18:27:34.434Z", "size": null, "width": 1000, "height": 1297}}, {"model": "media.mediaimage", "pk": 11, "fields": {"file": "MediaImage/images/images.175008.019947.invincibles.jpg", "filename": "MediaImage/images/images.175008.019947.invincibles.jpg", "timestamp": "2025-12-28T18:27:54.676Z", "size": null, "width": 933, "height": 936}}, {"model": "media.mediaimage", "pk": 12, "fields": {"file": "MediaImage/images/images.175008.019947.The_wenger_boys.jpg", "filename": "MediaImage/images/images.175008.019947.The_wenger_boys.jpg", "timestamp": "2025-12-28T18:28:18.794Z", "size": null, "width": 736, "height": 1041}}, {"model": "media.mediaimage", "pk": 13, "fields": {"file": "MediaImage/images/images.175008.019947.0eaea6485f8512a7b52e03dc88dbf356.jpg", "filename": "MediaImage/images/images.175008.019947.0eaea6485f8512a7b52e03dc88dbf356.jpg", "timestamp": "2025-12-28T18:30:57.661Z", "size": null, "width": 720, "height": 1072}}, {"model": "media.mediaimage", "pk": 14, "fields": {"file": "MediaImage/images/images.175008.019947.zidane_volley.jpg", "filename": "MediaImage/images/images.175008.019947.zidane_volley.jpg", "timestamp": "2025-12-28T18:34:00.511Z", "size": null, "width": 736, "height": 1041}}, {"model": "media.mediaimage", "pk": 15, "fields": {"file": "MediaImage/images/images.175008.019947.zidane_volley_2.jpg", "filename": "MediaImage/images/images.175008.019947.zidane_volley_2.jpg", "timestamp": "2025-12-28T18:34:16.263Z", "size": null, "width": 675, "height": 1200}}, {"model": "media.mediaimage", "pk": 16, "fields": {"file": "MediaImage/images/images.175008.019947.Agueroo.jpg", "filename": "MediaImage/images/images.175008.019947.Agueroo.jpg", "timestamp": "2025-12-28T18:39:21.074Z", "size": null, "width": 736, "height": 920}}, {"model": "media.mediaimage", "pk": 17, "fields": {"file": "MediaImage/images/images.175008.019947.f75bd30f3eef7829777f3c41695f2a52.jpg", "filename": "MediaImage/images/images.175008.019947.f75bd30f3eef7829777f3c41695f2a52.jpg", "timestamp": "2025-12-28T18:40:06.419Z", "size": null, "width": 750, "height": 939}}, {"model": "media.mediaimage", "pk": 18, "fields": {"file": "MediaImage/images/images.175008.019947.183c6f7100a7188d69940683491c9eb2.jpg", "filename": "MediaImage/images/images.175008.019947.183c6f7100a7188d69940683491c9eb2.jpg", "timestamp": "2025-12-28T18:41:24.823Z", "size": null, "width": 736, "height": 920}}, {"model": "media.mediaimage", "pk": 19, "fields": {"file": "MediaImage/images/images.175008.019947.e12104127bcaac9b62d296e163664959.jpg", "filename": "MediaImage/images/images.175008.019947.e12104127bcaac9b62d296e163664959.jpg", "timestamp": "2025-12-28T18:41:43.874Z", "size": null, "width": 1200, "height": 1913}}, {"model": "media.mediaimage", "pk": 20, "fields": {"file": "MediaImage/images/images.175008.019947.Il_Capitano.jpg", "filename": "MediaImage/images/images.175008.019947.Il_Capitano.jpg", "timestamp": "2025-12-28T18:42:02.764Z", "size": null, "width": 652, "height": 1273}}, {"model": "media.mediaimage", "pk": 21, "fields": {"file": "MediaImage/images/images.175008.019947.2f274e6d99e42726070d729b1e45048f.jpg", "filename": "MediaImage/images/images.175008.019947.2f274e6d99e42726070d729b1e45048f.jpg", "timestamp": "2025-12-28T18:44:32.699Z", "size": null, "width": 736, "height": 1090}}, {"model": "media.mediaimage", "pk": 22, "fields": {"file": "MediaImage/images/images.175008.019947.2fd726e44073759f79b7cbf2f9cf42dd.jpg", "filename": "MediaImage/images/images.175008.019947.2fd726e44073759f79b7cbf2f9cf42dd.jpg", "timestamp": "2025-12-28T18:44:46.537Z", "size": null, "width": 736, "height": 1308}}, {"model": "media.mediaimage", "pk": 23, "fields": {"file": "MediaImage/images/images.175008.019947.72f77632c09339fa21de09970c3aaecd.jpg", "filename": "MediaImage/images/images.175008.019947.72f77632c09339fa21de09970c3aaecd.jpg", "timestamp": "2025-12-28T18:45:09.906Z", "size": null, "width": 600, "height": 801}}, {"model": "media.mediaimage", "pk": 24, "fields": {"file": "MediaImage/images/images.175008.019947.5ec2be8b1b14e4c14f60b22eb582dbbd_1.jpg", "filename": "MediaImage/images/images.175008.019947.5ec2be8b1b14e4c14f60b22eb582dbbd_1.jpg", "timestamp": "2025-12-28T18:48:05.344Z", "size": null, "width": 736, "height": 1308}}, {"model": "media.mediaimage", "pk": 25, "fields": {"file": "MediaImage/images/images.175008.019947.84b5f6fe9c0903362796381cc4e4ee5c.jpg", "filename": "MediaImage/images/images.175008.019947.84b5f6fe9c0903362796381cc4e4ee5c.jpg", "timestamp": "2025-12-28T18:48:24.622Z", "size": null, "width": 736, "height": 920}}, {"model": "media.mediaimage", "pk": 26, "fields": {"file": "MediaImage/images/images.175008.019947.144f59884f30ce500b6f46d66f35f731.jpg", "filename": "MediaImage/images/images.175008.019947.144f59884f30ce500b6f46d66f35f731.jpg", "timestamp": "2025-12-28T18:48:44.423Z", "size": null, "width": 736, "height": 1041}}, {"model": "media.mediaimage", "pk": 27, "fields": {"file": "MediaImage/images/images.175008.019947.3ab8fcd7e4fd157c0fc01653ccac3dc9.jpg", "filename": "MediaImage/images/images.175008.019947.3ab8fcd7e4fd157c0fc01653ccac3dc9.jpg", "timestamp": "2025-12-28T18:52:39.992Z", "size": null, "width": 736, "height": 1104}}, {"model": "media.mediaimage", "pk": 28, "fields": {"file": "MediaImage/images/images.175008.019947.784e398c3f84c7655a3a2c84e3854e93.jpg", "filename": "MediaImage/images/images.175008.019947.784e398c3f84c7655a3a2c84e3854e93.jpg", "timestamp": "2025-12-28T18:52:50.863Z", "size": null, "width": 735, "height": 940}}, {"model": "media.mediaimage", "pk": 29, "fields": {"file": "MediaImage/images/images.175008.019947.boca_river.jpg", "filename": "MediaImage/images/images.175008.019947.boca_river.jpg", "timestamp": "2025-12-28T18:53:07.237Z", "size": null, "width": 944, "height": 1200}}, {"model": "media.mediaimage", "pk": 30, "fields": {"file": "MediaImage/images/images.175008.019947.superclassico.jpg", "filename": "MediaImage/images/images.175008.019947.superclassico.jpg", "timestamp": "2025-12-28T18:53:31.566Z", "size": null, "width": 736, "height": 981}}, {"model": "media.mediaimage", "pk": 31, "fields": {"file": "MediaImage/images/images.175008.019947.99f5d76e09d5ef8bbb5152648214a566.jpg", "filename": "MediaImage/images/images.175008.019947.99f5d76e09d5ef8bbb5152648214a566.jpg", "timestamp": "2025-12-28T18:57:55.278Z", "size": null, "width": 351, "height": 624}}, {"model": "media.mediaimage", "pk": 32, "fields": {"file": "MediaImage/images/images.175008.019947.23572446f43bb7b4a93095bf9244a5ad.jpg", "filename": "MediaImage/images/images.175008.019947.23572446f43bb7b4a93095bf9244a5ad.jpg", "timestamp": "2025-12-28T18:58:06.715Z", "size": null, "width": 411, "height": 594}}, {"model": "media.mediaimage", "pk": 33, "fields": {"file": "MediaImage/images/images.175008.019947.pep.jpg", "filename": "MediaImage/images/images.175008.019947.pep.jpg", "timestamp": "2025-12-28T18:58:32.119Z", "size": null, "width": 858, "height": 1200}}, {"model": "media.mediaimage", "pk": 34, "fields": {"file": "MediaImage/images/images.175008.019947.d584b56dbb1036cfac6f4c3503dd29f0.jpg", "filename": "MediaImage/images/images.175008.019947.d584b56dbb1036cfac6f4c3503dd29f0.jpg", "timestamp": "2025-12-28T18:59:04.802Z", "size": null, "width": 1024, "height": 1024}}, {"model": "media.mediaimage", "pk": 35, "fields": {"file": "MediaImage/images/images.175008.019947.f62381cbab0e4cfbcd0c1483afd9bf9a.jpg", "filename": "MediaImage/images/images.175008.019947.f62381cbab0e4cfbcd0c1483afd9bf9a.jpg", "timestamp": "2025-12-28T18:59:19.858Z", "size": null, "width": 750, "height": 747}}, {"model": "media.mediaimage", "pk": 36, "fields": {"file": "MediaImage/images/images.175008.019947.3f41ee6a38024c98e9f72377e38091d0.jpg", "filename": "MediaImage/images/images.175008.019947.3f41ee6a38024c98e9f72377e38091d0.jpg", "timestamp": "2025-12-28T19:08:34.170Z", "size": null, "width": 736, "height": 1308}}, {"model": "media.mediaimage", "pk": 37, "fields": {"file": "MediaImage/images/images.175008.019947.22b34dd809be08efd6f773867b028e0a_1.jpg", "filename": "MediaImage/images/images.175008.019947.22b34dd809be08efd6f773867b028e0a_1.jpg", "timestamp": "2025-12-28T19:08:56.130Z", "size": null, "width": 736, "height": 1042}}, {"model": "media.mediaimage", "pk": 38, "fields": {"file": "MediaImage/images/images.175008.019947.514fe003ae992c293ecf0b8c802a6afb.jpg", "filename": "MediaImage/images/images.175008.019947.514fe003ae992c293ecf0b8c802a6afb.jpg", "timestamp": "2025-12-28T19:09:21.102Z", "size": null, "width": 720, "height": 1080}}, {"model": "media.mediaimage", "pk": 39, "fields": {"file": "MediaImage/images/images.175008.019947.556bd05c9da16bfa16069157f703b9af.jpg", "filename": "MediaImage/images/images.175008.019947.556bd05c9da16bfa16069157f703b9af.jpg", "timestamp": "2025-12-28T19:09:37.586Z", "size": null, "width": 736, "height": 973}}, {"model": "media.mediaimage", "pk": 40, "fields": {"file": "MediaImage/images/images.175008.019947.cb6a088c6cf28079ada484afae60df3b.jpg", "filename": "MediaImage/images/images.175008.019947.cb6a088c6cf28079ada484afae60df3b.jpg", "timestamp": "2025-12-28T19:10:19.254Z", "size": null, "width": 736, "height": 1308}}, {"model": "media.mediaimage", "pk": 41, "fields": {"file": "MediaImage/images/images.175008.019947.d18ae0e28cdb31ba70b7f6ceebfad9f2.jpg", "filename": "MediaImage/images/images.175008.019947.d18ae0e28cdb31ba70b7f6ceebfad9f2.jpg", "timestamp": "2025-12-28T19:10:48.702Z", "size": null, "width": 562, "height": 702}}, {"model": "media.mediaimage", "pk": 42, "fields": {"file": "MediaImage/images/images.175008.019947.0b352489d62493d06995a9bc6f587cf0.jpg", "filename": "MediaImage/images/images.175008.019947.0b352489d62493d06995a9bc6f587cf0.jpg", "timestamp": "2025-12-28T19:11:09.948Z", "size": null, "width": 736, "height": 1308}}, {"model": "media.mediaimage", "pk": 43, "fields": {"file": "MediaImage/images/images.175008.019947.6ce5f54e7a9fdc6dfa936598528e13d8.jpg", "filename": "MediaImage/images/images.175008.019947.6ce5f54e7a9fdc6dfa936598528e13d8.jpg", "timestamp": "2025-12-28T19:26:20.801Z", "size": null, "width": 860, "height": 1200}}, {"model": "media.mediaimage", "pk": 44, "fields": {"file": "MediaImage/images/images.175008.019947.2e00c9d12631166fceecdec0d2eaf878.jpg", "filename": "MediaImage/images/images.175008.019947.2e00c9d12631166fceecdec0d2eaf878.jpg", "timestamp": "2025-12-28T19:26:32.437Z", "size": null, "width": 965, "height": 1200}}, {"model": "media.mediaimage", "pk": 45, "fields": {"file": "MediaImage/images/images.175008.019947.e6d314ddf8c2400396ac58cb08d37c36.jpg", "filename": "MediaImage/images/images.175008.019947.e6d314ddf8c2400396ac58cb08d37c36.jpg", "timestamp": "2025-12-28T20:09:44.253Z", "size": null, "width": 544, "height": 680}}, {"model": "media.mediaimage", "pk": 46, "fields": {"file": "MediaImage/images/images.175008.019947.59590d89f4da623363a228751d69abe7.jpg", "filename": "MediaImage/images/images.175008.019947.59590d89f4da623363a228751d69abe7.jpg", "timestamp": "2025-12-28T20:15:48.753Z", "size": null, "width": 735, "height": 906}}, {"model": "media.mediaimage", "pk": 47, "fields": {"file": "MediaImage/images/images.202427.327175.891a9cc88256214a7a0ce3d8b5f17a9c.jpg", "filename": "MediaImage/images/images.202427.327175.891a9cc88256214a7a0ce3d8b5f17a9c.jpg", "timestamp": "2025-12-28T20:28:13.613Z", "size": null, "width": 735, "height": 906}}, {"model": "media.mediaimage", "pk": 48, "fields": {"file": "MediaImage/images/images.202427.327175.f09394d0c9d141dadc760e0506a973c4.jpg", "filename": "MediaImage/images/images.202427.327175.f09394d0c9d141dadc760e0506a973c4.jpg", "timestamp": "2025-12-28T20:37:38.495Z", "size": null, "width": 736, "height": 897}}, {"model": "media.mediaimage", "pk": 49, "fields": {"file": "MediaImage/images/images.202427.327175.37055e733eeecf97467d1fcfa43a0bde.jpg", "filename": "MediaImage/images/images.202427.327175.37055e733eeecf97467d1fcfa43a0bde.jpg", "timestamp": "2025-12-28T20:45:32.257Z", "size": null, "width": 720, "height": 891}}, {"model": "media.mediaimage", "pk": 50, "fields": {"file": "MediaImage/images/images.202427.327175.626a0526a7f0816fd2511626567e0a44.jpg", "filename": "MediaImage/images/images.202427.327175.626a0526a7f0816fd2511626567e0a44.jpg", "timestamp": "2025-12-28T20:53:58.022Z", "size": null, "width": 1080, "height": 1920}}, {"model": "media.mediaimage", "pk": 51, "fields": {"file": "MediaImage/images/images.202427.327175.cdd1a1e2c3a5bd1ca0b2a12feaa7b2c7.jpg", "filename": "MediaImage/images/images.202427.327175.cdd1a1e2c3a5bd1ca0b2a12feaa7b2c7.jpg", "timestamp": "2025-12-28T20:54:24.542Z", "size": null, "width": 949, "height": 1200}}, {"model": "media.mediaimage", "pk": 52, "fields": {"file": "MediaImage/images/images.202427.327175.d432a68d6e81f3a68751455b8a6cc713.jpg", "filename": "MediaImage/images/images.202427.327175.d432a68d6e81f3a68751455b8a6cc713.jpg", "timestamp": "2025-12-28T20:55:21.386Z", "size": null, "width": 564, "height": 1002}}, {"model": "media.mediaimage", "pk": 53, "fields": {"file": "MediaImage/images/images.202427.327175.a7a04db0d8021ed5bcf327076bcbb4d3.jpg", "filename": "MediaImage/images/images.202427.327175.a7a04db0d8021ed5bcf327076bcbb4d3.jpg", "timestamp": "2025-12-28T21:01:37.719Z", "size": null, "width": 1080, "height": 1920}}, {"model": "media.mediaimage", "pk": 54, "fields": {"file": "MediaImage/images/images.202427.327175.66bfa102df9609181e551471c124f85d.jpg", "filename": "MediaImage/images/images.202427.327175.66bfa102df9609181e551471c124f85d.jpg", "timestamp": "2025-12-28T21:05:09.862Z", "size": null, "width": 574, "height": 680}}, {"model": "media.mediaimage", "pk": 55, "fields": {"file": "MediaImage/images/images.202427.327175.6dc694dd950273e64b673b5e8f283033.jpg", "filename": "MediaImage/images/images.202427.327175.6dc694dd950273e64b673b5e8f283033.jpg", "timestamp": "2025-12-28T21:05:21.813Z", "size": null, "width": 735, "height": 1308}}, {"model": "media.mediasettings", "pk": 1, "fields": {"autoplay": false, "shuffle": false, "loop": false, "account": 1}}, {"model": "media.mediasettings", "pk": 2, "fields": {"autoplay": false, "shuffle": false, "loop": false, "account": 2}}, {"model": "images.image", "pk": 1, "fields": {"title": "Halaand Goal Breaking Season", "timestamp": "2025-12-28T17:50:57.989Z"}}, {"model": "images.image", "pk": 2, "fields": {"title": "El Classico", "timestamp": "2025-12-28T17:53:01.866Z"}}, {"model": "images.image", "pk": 3, "fields": {"title": "The Special One", "timestamp": "2025-12-28T17:54:01.507Z"}}, {"model": "images.image", "pk": 4, "fields": {"title": "Made In Lamasia", "timestamp": "2025-12-28T17:58:32.445Z"}}, {"model": "images.image", "pk": 5, "fields": {"title": "Brazil 1970", "timestamp": "2025-12-28T18:18:55.735Z"}}, {"model": "images.image", "pk": 6, "fields": {"title": "Maradona", "timestamp": "2025-12-28T18:23:17.535Z"}}, {"model": "images.image", "pk": 7, "fields": {"title": "Arsenal the Invincibles", "timestamp": "2025-12-28T18:28:22.686Z"}}, {"model": "images.image", "pk": 8, "fields": {"title": "Hand of God", "timestamp": "2025-12-28T18:30:59.640Z"}}, {"model": "images.image", "pk": 9, "fields": {"title": "Zidane Volley", "timestamp": "2025-12-28T18:34:20.516Z"}}, {"model": "images.image", "pk": 10, "fields": {"title": "Aguerooooo!", "timestamp": "2025-12-28T18:40:09.169Z"}}, {"model": "images.image", "pk": 11, "fields": {"title": "Il Capitano", "timestamp": "2025-12-28T18:42:08.583Z"}}, {"model": "images.image", "pk": 12, "fields": {"title": "El Fenomono", "timestamp": "2025-12-28T18:45:13.280Z"}}, {"model": "images.image", "pk": 13, "fields": {"title": "Neymar", "timestamp": "2025-12-28T18:48:47.337Z"}}, {"model": "images.image", "pk": 14, "fields": {"title": "Boca Rivers", "timestamp": "2025-12-28T18:53:34.543Z"}}, {"model": "images.image", "pk": 15, "fields": {"title": "Pep", "timestamp": "2025-12-28T18:58:36.453Z"}}, {"model": "images.image", "pk": 16, "fields": {"title": "Messi Qatar 22", "timestamp": "2025-12-28T19:11:12.704Z"}}, {"model": "images.image", "pk": 17, "fields": {"title": "The Group Stage", "timestamp": "2025-12-28T19:26:35.908Z"}}, {"model": "images.image", "pk": 18, "fields": {"title": "The Knockout Round", "timestamp": "2025-12-28T20:09:47.281Z"}}, {"model": "images.image", "pk": 19, "fields": {"title": "The Lusai Shock", "timestamp": "2025-12-28T20:15:50.287Z"}}, {"model": "images.image", "pk": 20, "fields": {"title": "Argentina Mexico", "timestamp": "2025-12-28T20:28:19.989Z"}}, {"model": "images.image", "pk": 21, "fields": {"title": "Poland Argentina", "timestamp": "2025-12-28T20:37:42.485Z"}}, {"model": "images.image", "pk": 22, "fields": {"title": "Australia Argentina", "timestamp": "2025-12-28T20:45:34.609Z"}}, {"model": "images.image", "pk": 23, "fields": {"title": "The Battle of Lusail", "timestamp": "2025-12-28T20:55:24.710Z"}}, {"model": "images.image", "pk": 24, "fields": {"title": "Dance of the Veteran", "timestamp": "2025-12-28T21:01:40.262Z"}}, {"model": "images.image", "pk": 25, "fields": {"title": "WC Final", "timestamp": "2025-12-28T21:05:25.211Z"}}, {"model": "images.objectimage", "pk": 1, "fields": {"image": 1, "media_image": 1, "timestamp": "2025-12-28T17:50:58.113Z"}}, {"model": "images.objectimage", "pk": 2, "fields": {"image": 2, "media_image": 2, "timestamp": "2025-12-28T17:53:01.926Z"}}, {"model": "images.objectimage", "pk": 3, "fields": {"image": 3, "media_image": 3, "timestamp": "2025-12-28T17:54:01.523Z"}}, {"model": "images.objectimage", "pk": 4, "fields": {"image": 4, "media_image": 4, "timestamp": "2025-12-28T17:58:33.080Z"}}, {"model": "images.objectimage", "pk": 5, "fields": {"image": 4, "media_image": 5, "timestamp": "2025-12-28T18:01:31.294Z"}}, {"model": "images.objectimage", "pk": 6, "fields": {"image": 5, "media_image": 6, "timestamp": "2025-12-28T18:18:55.844Z"}}, {"model": "images.objectimage", "pk": 7, "fields": {"image": 6, "media_image": 7, "timestamp": "2025-12-28T18:23:17.623Z"}}, {"model": "images.objectimage", "pk": 8, "fields": {"image": 6, "media_image": 8, "timestamp": "2025-12-28T18:23:17.624Z"}}, {"model": "images.objectimage", "pk": 9, "fields": {"image": 7, "media_image": 9, "timestamp": "2025-12-28T18:28:22.752Z"}}, {"model": "images.objectimage", "pk": 10, "fields": {"image": 7, "media_image": 10, "timestamp": "2025-12-28T18:28:22.753Z"}}, {"model": "images.objectimage", "pk": 11, "fields": {"image": 7, "media_image": 11, "timestamp": "2025-12-28T18:28:22.753Z"}}, {"model": "images.objectimage", "pk": 12, "fields": {"image": 7, "media_image": 12, "timestamp": "2025-12-28T18:28:22.753Z"}}, {"model": "images.objectimage", "pk": 13, "fields": {"image": 8, "media_image": 13, "timestamp": "2025-12-28T18:30:59.676Z"}}, {"model": "images.objectimage", "pk": 14, "fields": {"image": 9, "media_image": 14, "timestamp": "2025-12-28T18:34:20.619Z"}}, {"model": "images.objectimage", "pk": 15, "fields": {"image": 9, "media_image": 15, "timestamp": "2025-12-28T18:34:20.620Z"}}, {"model": "images.objectimage", "pk": 16, "fields": {"image": 10, "media_image": 16, "timestamp": "2025-12-28T18:40:09.183Z"}}, {"model": "images.objectimage", "pk": 17, "fields": {"image": 10, "media_image": 17, "timestamp": "2025-12-28T18:40:09.184Z"}}, {"model": "images.objectimage", "pk": 18, "fields": {"image": 11, "media_image": 18, "timestamp": "2025-12-28T18:42:08.844Z"}}, {"model": "images.objectimage", "pk": 19, "fields": {"image": 11, "media_image": 19, "timestamp": "2025-12-28T18:42:08.844Z"}}, {"model": "images.objectimage", "pk": 20, "fields": {"image": 11, "media_image": 20, "timestamp": "2025-12-28T18:42:08.845Z"}}, {"model": "images.objectimage", "pk": 21, "fields": {"image": 12, "media_image": 21, "timestamp": "2025-12-28T18:45:13.281Z"}}, {"model": "images.objectimage", "pk": 22, "fields": {"image": 12, "media_image": 22, "timestamp": "2025-12-28T18:45:13.282Z"}}, {"model": "images.objectimage", "pk": 23, "fields": {"image": 12, "media_image": 23, "timestamp": "2025-12-28T18:45:13.282Z"}}, {"model": "images.objectimage", "pk": 24, "fields": {"image": 13, "media_image": 24, "timestamp": "2025-12-28T18:48:47.339Z"}}, {"model": "images.objectimage", "pk": 25, "fields": {"image": 13, "media_image": 25, "timestamp": "2025-12-28T18:48:47.339Z"}}, {"model": "images.objectimage", "pk": 26, "fields": {"image": 13, "media_image": 26, "timestamp": "2025-12-28T18:48:47.340Z"}}, {"model": "images.objectimage", "pk": 27, "fields": {"image": 14, "media_image": 27, "timestamp": "2025-12-28T18:53:34.550Z"}}, {"model": "images.objectimage", "pk": 28, "fields": {"image": 14, "media_image": 28, "timestamp": "2025-12-28T18:53:34.551Z"}}, {"model": "images.objectimage", "pk": 29, "fields": {"image": 14, "media_image": 29, "timestamp": "2025-12-28T18:53:34.552Z"}}, {"model": "images.objectimage", "pk": 30, "fields": {"image": 14, "media_image": 30, "timestamp": "2025-12-28T18:53:34.552Z"}}, {"model": "images.objectimage", "pk": 31, "fields": {"image": 15, "media_image": 31, "timestamp": "2025-12-28T18:58:36.456Z"}}, {"model": "images.objectimage", "pk": 32, "fields": {"image": 15, "media_image": 32, "timestamp": "2025-12-28T18:58:36.457Z"}}, {"model": "images.objectimage", "pk": 33, "fields": {"image": 15, "media_image": 33, "timestamp": "2025-12-28T18:58:36.457Z"}}, {"model": "images.objectimage", "pk": 34, "fields": {"image": 3, "media_image": 34, "timestamp": "2025-12-28T18:59:23.122Z"}}, {"model": "images.objectimage", "pk": 35, "fields": {"image": 3, "media_image": 35, "timestamp": "2025-12-28T18:59:23.124Z"}}, {"model": "images.objectimage", "pk": 36, "fields": {"image": 16, "media_image": 36, "timestamp": "2025-12-28T19:11:12.706Z"}}, {"model": "images.objectimage", "pk": 37, "fields": {"image": 16, "media_image": 37, "timestamp": "2025-12-28T19:11:12.707Z"}}, {"model": "images.objectimage", "pk": 38, "fields": {"image": 16, "media_image": 38, "timestamp": "2025-12-28T19:11:12.707Z"}}, {"model": "images.objectimage", "pk": 39, "fields": {"image": 16, "media_image": 39, "timestamp": "2025-12-28T19:11:12.707Z"}}, {"model": "images.objectimage", "pk": 40, "fields": {"image": 16, "media_image": 40, "timestamp": "2025-12-28T19:11:12.707Z"}}, {"model": "images.objectimage", "pk": 41, "fields": {"image": 16, "media_image": 41, "timestamp": "2025-12-28T19:11:12.707Z"}}, {"model": "images.objectimage", "pk": 42, "fields": {"image": 16, "media_image": 42, "timestamp": "2025-12-28T19:11:12.708Z"}}, {"model": "images.objectimage", "pk": 43, "fields": {"image": 17, "media_image": 43, "timestamp": "2025-12-28T19:26:35.910Z"}}, {"model": "images.objectimage", "pk": 44, "fields": {"image": 17, "media_image": 44, "timestamp": "2025-12-28T19:26:35.910Z"}}, {"model": "images.objectimage", "pk": 45, "fields": {"image": 18, "media_image": 45, "timestamp": "2025-12-28T20:09:47.282Z"}}, {"model": "images.objectimage", "pk": 46, "fields": {"image": 19, "media_image": 46, "timestamp": "2025-12-28T20:15:50.290Z"}}, {"model": "images.objectimage", "pk": 47, "fields": {"image": 20, "media_image": 47, "timestamp": "2025-12-28T20:28:20.076Z"}}, {"model": "images.objectimage", "pk": 48, "fields": {"image": 21, "media_image": 48, "timestamp": "2025-12-28T20:37:42.487Z"}}, {"model": "images.objectimage", "pk": 49, "fields": {"image": 22, "media_image": 49, "timestamp": "2025-12-28T20:45:34.616Z"}}, {"model": "images.objectimage", "pk": 50, "fields": {"image": 23, "media_image": 50, "timestamp": "2025-12-28T20:55:24.783Z"}}, {"model": "images.objectimage", "pk": 51, "fields": {"image": 23, "media_image": 51, "timestamp": "2025-12-28T20:55:24.784Z"}}, {"model": "images.objectimage", "pk": 52, "fields": {"image": 23, "media_image": 52, "timestamp": "2025-12-28T20:55:24.784Z"}}, {"model": "images.objectimage", "pk": 53, "fields": {"image": 24, "media_image": 53, "timestamp": "2025-12-28T21:01:40.312Z"}}, {"model": "images.objectimage", "pk": 54, "fields": {"image": 25, "media_image": 54, "timestamp": "2025-12-28T21:05:25.299Z"}}, {"model": "images.objectimage", "pk": 55, "fields": {"image": 25, "media_image": 55, "timestamp": "2025-12-28T21:05:25.300Z"}}, {"model": "profiles.profile", "pk": 1, "fields": {"user": 1, "joined": "2025-12-28T17:21:26.348Z"}}, {"model": "profiles.profile", "pk": 2, "fields": {"user": 2, "joined": "2025-12-28T17:22:16.838Z"}}, {"model": "podcasts.podcast", "pk": 1, "fields": {"view_count": 8, "title": "The Viking's Conquest", "subtitle": "Haaland's Record-Breaking Season", "structure": "STANDALONE", "description": "Analyzing how Erling Haaland is rewriting the Premier League history books one hat-trick at a time", "slug": "the-vikings-conquest-haalands-record-breaking-season-standalone", "parent": null, "timestamp": "2025-12-28T17:51:00.283Z", "updated": "2025-12-28T17:51:00.283Z", "background": null, "image": 1, "tags": "None", "countries": [], "competitions": [], "regions": [], "teams": [], "players": [], "matches": [], "subscribers": [], "categories": []}}, {"model": "podcasts.podcast", "pk": 2, "fields": {"view_count": 3, "title": "El Clásico Preview", "subtitle": "Real Madrid vs. Barcelona", "structure": "STANDALONE", "description": "Team news, predicted lineups, and historical context for the biggest match in club football.", "slug": "el-clasico-preview-real-madrid-vs-barcelona-standalone", "parent": null, "timestamp": "2025-12-28T17:53:07.925Z", "updated": "2025-12-28T17:53:07.925Z", "background": null, "image": 2, "tags": "None", "countries": [], "competitions": [], "regions": [], "teams": [], "players": [], "matches": [], "subscribers": [], "categories": []}}, {"model": "podcasts.podcast", "pk": 3, "fields": {"view_count": 9, "title": "The Special One", "subtitle": "Mourinho's Chelsea Legacy", "structure": "STANDALONE", "description": "", "slug": "the-special-one-mourinhos-chelsea-legacy-standalone", "parent": null, "timestamp": "2025-12-28T17:54:04.447Z", "updated": "2025-12-28T18:59:28.018Z", "background": null, "image": 3, "tags": "None", "countries": [], "competitions": [], "regions": [], "teams": [], "players": [], "matches": [], "subscribers": [], "categories": []}}, {"model": "podcasts.podcast", "pk": 4, "fields": {"view_count": 5, "title": "La Masia's Jewels", "subtitle": "The Future of Barcelona", "structure": "STANDALONE", "description": "A deep dive into Gavi, Pedri, and Lamine Yamal. Can the academy save the club's finances?", "slug": "la-masias-jewels-the-future-of-barcelona-standalone", "parent": null, "timestamp": "2025-12-28T18:01:33.718Z", "updated": "2025-12-28T18:01:33.718Z", "background": null, "image": 4, "tags": "None", "countries": [], "competitions": [], "regions": [], "teams": [], "players": [], "matches": [], "subscribers": [], "categories": []}}, {"model": "podcasts.podcast", "pk": 5, "fields": {"view_count": 4, "title": "Samba Magic", "subtitle": "Brazil's 1970 World Cup", "structure": "STANDALONE", "description": "Pelé, Jairzinho, and the beautiful game. Was this the greatest international team of all time?", "slug": "samba-magic-brazils-1970-world-cup-standalone", "parent": null, "timestamp": "2025-12-28T18:19:00.052Z", "updated": "2025-12-28T18:19:00.052Z", "background": null, "image": 5, "tags": "None", "countries": [], "competitions": [], "regions": [], "teams": [], "players": [], "matches": [], "subscribers": [], "categories": []}}, {"model": "podcasts.podcast", "pk": 6, "fields": {"view_count": 7, "title": "The Maradona Naples Story", "subtitle": "Savior of Naples", "structure": "STANDALONE", "description": "How Diego Maradona single-handedly dragged Napoli to Serie A glory against the giants of the North.It's a story etched in footballing folklore, a testament to the sheer force of personality and talent that was Diego Armando Maradona. When 'El Pibe de Oro' arrived in Naples in 1984, the city, and its football club, were hungry for a hero. Napoli had languished in mediocrity for decades, mere afterthoughts in a league dominated by the likes of Juventus and the Milan clubs. These were the aristocrats of Italian football, draped in history and overflowing with resources. Napoli? They were the poor relations, fighting for scraps at the bottom of the table.\r\n\r\nBut Maradona changed everything. He wasn't just a footballer; he was a symbol of hope, a beacon of defiance for a city that felt overlooked and undervalued. He embraced the Neapolitan spirit, the passion, the grit, the simmering resentment of the established order. And on the pitch, he performed miracles.\r\n\r\nHe orchestrated attacks with balletic grace, weaving through defenses with an otherworldly agility. His left foot was a wand, capable of conjuring goals from nothing, delivering pinpoint passes, and bending free-kicks with mesmerizing accuracy. He instilled a belief in his teammates, transforming them from also-rans into warriors.\r\n\r\nThe 1986-87 season was the culmination of this transformation. Maradona, at the peak of his powers, led Napoli on an unprecedented charge to the Scudetto. They battled tooth and nail, week after week, against the might of Juventus, Inter, and Milan. The Stadio San Paolo became a cauldron of noise and passion, a fortress where Napoli were virtually unbeatable. And when the final whistle blew on that historic season, Naples erupted in a frenzy of celebration. They had done it. They had conquered the giants of the North, thanks to the genius of one man: Diego Armando Maradona. He had not just won them a title; he had given them pride, a sense of belonging, and a place in the pantheon of Italian football.", "slug": "the-maradona-naples-story-savior-of-naples-standalone", "parent": null, "timestamp": "2025-12-28T18:23:20.252Z", "updated": "2025-12-28T18:23:20.252Z", "background": null, "image": 6, "tags": "None", "countries": [], "competitions": [], "regions": [], "teams": [], "players": [], "matches": [], "subscribers": [], "categories": []}}, {"model": "podcasts.podcast", "pk": 7, "fields": {"view_count": 6, "title": "The Invincibles", "subtitle": "Arsenal 2003/04", "structure": "STANDALONE", "description": "Arsène Wenger's masterpiece season. Will any team ever go 49 games unbeaten again?\"Arsène Wenger's masterpiece season. Will any team ever go 49 games unbeaten again?\" It's a question that's whispered in hushed tones whenever a team threatens a lengthy run, a benchmark so audacious it seems almost mythical. The Invincibles. The very name evokes images of Bergkamp pirouetting, Henry gliding past defenders, Vieira marshalling the midfield with steel and silk. It wasn't just the unbeaten run; it was the style, the swagger, the sheer artistry of that Arsenal team. They played with a freedom and an understanding that few teams have ever replicated. Can it be done again? The modern game is a different beast, more tactical, more physical, perhaps less forgiving of flair. The financial disparities create super-teams, but also intense pressure. Maybe a team will get close, tantalisingly close, but 49? That feels like a record destined to stand the test of time, a testament to Wenger's genius and the unforgettable magic of the Invincibles.", "slug": "the-invincibles-arsenal-200304-standalone", "parent": null, "timestamp": "2025-12-28T18:28:31.100Z", "updated": "2025-12-28T18:28:31.100Z", "background": null, "image": 7, "tags": "None", "countries": [], "competitions": [], "regions": [], "teams": [], "players": [], "matches": [], "subscribers": [], "categories": []}}, {"model": "podcasts.podcast", "pk": 8, "fields": {"view_count": 3, "title": "The Hand of God", "subtitle": "Argentina vs England 1986", "structure": "STANDALONE", "description": "The genius and the cheat. Analyzing the most famous individual performance in World Cup history.Diego Maradona's 1986 World Cup is a story etched in footballing folklore. A narrative brimming with audacious brilliance and shadowed by a moment of undeniable infamy. It's a tournament where Maradona, the diminutive Argentinian maestro, didn't just play; he orchestrated a symphony of skill, leading his nation to glory almost single-handedly. But to dissect that performance, to truly understand its impact, we must confront the duality that defines it: the genius and the cheat.\r\n\r\nThe genius is undeniable. From the moment he stepped onto Mexican soil, Maradona was a force of nature. His dribbling, a mesmerising ballet of close control and deceptive agility, left defenders bewildered and grasping at thin air. He possessed an uncanny ability to glide past challenges, his low centre of gravity making him seemingly impervious to tackles. Beyond the individual brilliance, there was the vision, the pinpoint passes that unlocked defences, and the sheer force of will that seemed to propel Argentina forward. Against England in the quarter-final, he scored two goals that encapsulated this duality perfectly. The first, a moment of audacious improvisation, later dubbed the \"Hand of God,\" saw him punch the ball past Peter Shilton. The second, a breathtaking solo effort, saw him weave his way through the entire English defence before slotting the ball home. It was a goal for the ages, a testament to his unparalleled skill and vision.\r\n\r\nBut the \"Hand of God\" lingers like a stain on an otherwise impeccable masterpiece. It's a reminder that even the greatest can succumb to temptation, that the pursuit of victory can sometimes overshadow fair play. The controversy continues to fuel debate, dividing opinions and casting a shadow over Maradona's legacy. Was it a moment of opportunistic brilliance or a blatant act of cheating? The answer, perhaps, lies somewhere in between. It was a reflection of Maradona's streetwise cunning, his willingness to bend the rules to achieve his ultimate goal.", "slug": "the-hand-of-god-argentina-vs-england-1986-standalone", "parent": null, "timestamp": "2025-12-28T18:31:04.693Z", "updated": "2025-12-28T18:31:04.693Z", "background": null, "image": 8, "tags": "None", "countries": [], "competitions": [], "regions": [], "teams": [], "players": [], "matches": [], "subscribers": [], "categories": []}}, {"model": "podcasts.podcast", "pk": 9, "fields": {"view_count": 2, "title": "Zidane's Volley", "subtitle": "UCL Moments", "structure": "STANDALONE", "description": "A look back at the 2002 Champions League final and the most aesthetic goal ever scored\"\"\"A look back at the 2002 Champions League final and the most aesthetic goal ever scored\"\"\" \r\n\r\n...Zinedine Zidane's volley. Need I say more? Hampden Park, Glasgow, May 15, 2002. Bayer Leverkusen versus Real Madrid. The score: 1-1. Half-time looming. Then, Roberto Carlos, bombing down the left wing, loops a high, hanging cross towards the edge of the box. It's not a great cross, truth be told. It's looping, awkward, seemingly unplayable. But then, Zidane arrives.\r\n\r\nHe watches the ball descend, his body already shaping itself for the impossible. Left foot raised, almost parallel to the ground, he meets the dropping ball with perfect timing, perfect technique, perfect grace. The connection is sweet, pure, sending the ball arrowing into the top corner of Hans-Jörg Butt's net.\r\n\r\nButt, a decent keeper in his own right, is left utterly helpless, a mere spectator to a moment of genius. The Bernabeu erupts (even though they're miles away in Glasgow). The Real Madrid bench explodes. Even the Leverkusen players can only offer a grudging admiration. It's a goal that transcends rivalry, a goal that etches itself into the very fabric of footballing history.\r\n\r\nIt wasn't just the importance of the goal – putting Real Madrid ahead in a Champions League final they would eventually win 2-1. It was the sheer, unadulterated beauty of it. The way Zidane contorted his body, the effortless power he generated, the trajectory of the ball, the helpless despair of the goalkeeper – every element combined to create a moment of sublime perfection.\r\n\r\nYears later, the goal remains as stunning as it did on that rainy night in Glasgow. It's a goal you can watch a thousand times and still marvel at. It's a reminder of the magic that football can produce, and a testament to the genius of Zinedine Zidane, a player who could conjure moments of breathtaking brilliance seemingly at will. For many, it's not just the greatest goal in Champions League final history, but quite possibly the most aesthetic goal ever scored.", "slug": "zidanes-volley-ucl-moments-standalone", "parent": null, "timestamp": "2025-12-28T18:34:24.072Z", "updated": "2025-12-28T18:34:24.072Z", "background": null, "image": 9, "tags": "None", "countries": [], "competitions": [], "regions": [], "teams": [], "players": [], "matches": [], "subscribers": [], "categories": []}}, {"model": "podcasts.podcast", "pk": 10, "fields": {"view_count": 1, "title": "Agüerooooo!", "subtitle": "93:20", "structure": "STANDALONE", "description": "Minute by minute breakdown of the most dramatic finish to a Premier League season ever.Minute by minute, the tension ratcheted up. Manchester City, needing a win against QPR to secure their first title in 44 years, were losing 2-1 going into injury time. Hope was fading, despair was setting in.\r\n\r\n**91:14:** Dzeko rises to meet a corner, heads it home! 2-2! A glimmer of hope, but still not enough. United are winning their game, as it stands, the title is heading to Old Trafford.\r\n\r\n**93:20:** Agüero, plays a one-two with Balotelli, who somehow stays on his feet despite a challenge, Agüero bursts into the box...\r\n\r\n**(Voice of Jon Champion)** \"AGUEROOOOOOOOO! I SWEAR YOU'LL NEVER SEE ANYTHING LIKE THIS EVER AGAIN! SO WATCH IT, DRINK IT IN!\"\r\n\r\n**93:20 (cont.):** Agüero slots it past Kenny. The Etihad erupts. Grown men are crying. Absolute scenes.\r\n\r\n**93:20 (cont. after the screaming subsides):** City have done it! From the brink of despair, they've snatched the title in the most dramatic, unbelievable fashion imaginable. Fergie's chewing gum must be throbbing.\r\n\r\n**Final whistle:** The blue half of Manchester goes absolutely bonkers. QPR players collapse, exhausted but safe. City players are mobbed. This isn't just a win, it's a legendary moment etched in football history. A Premier League finish for the ages.", "slug": "aguerooooo-9320-standalone", "parent": null, "timestamp": "2025-12-28T18:40:12.587Z", "updated": "2025-12-28T18:40:12.587Z", "background": null, "image": 10, "tags": "None", "countries": [], "competitions": [], "regions": [], "teams": [], "players": [], "matches": [], "subscribers": [], "categories": []}}, {"model": "podcasts.podcast", "pk": 11, "fields": {"view_count": 5, "title": "Il Capitano", "subtitle": "Paolo Maldini Tribute", "structure": "STANDALONE", "description": "Celebrating the career of the greatest defender ever. 25 seasons, one club.\"\"\"Celebrating the career of the greatest defender ever. 25 seasons, one club. Loyalty, leadership, and legendary tackles – he defined an era. From a young prodigy bursting onto the scene to a seasoned veteran guiding the next generation, his impact is undeniable. The roar of the crowd, the captain's armband, the unwavering commitment – it's more than just football, it's a legacy etched in history.\"\"\"", "slug": "il-capitano-paolo-maldini-tribute-standalone", "parent": null, "timestamp": "2025-12-28T18:42:11.471Z", "updated": "2025-12-28T18:42:11.471Z", "background": null, "image": 11, "tags": "None", "countries": [], "competitions": [], "regions": [], "teams": [], "players": [], "matches": [], "subscribers": [], "categories": []}}, {"model": "podcasts.podcast", "pk": 12, "fields": {"view_count": 2, "title": "El Fenómeno", "subtitle": "Ronaldo Nazário", "structure": "PARENT", "description": "The tragedy of his knee injuries and the redemption of the 2002 World Cup.Ronaldo. The name itself became synonymous with unrealized potential, a highlight reel permanently set to \"pause\" by cruel fate. Before the torn ligaments and shattered dreams, there was a supernova. A force of nature that redefined the striker position. But the late 90s were a gauntlet of agony. Inter Milan's hopes, and Ronaldo's knees, buckled under the weight of expectation. Each attempted comeback was met with renewed devastation. The world watched, heartbroken, as one of the greatest talents it had ever seen was seemingly destined to become a \"what if?\" story.\r\n\r\nThen came 2002. Korea and Japan. A stage set for resurrection. Skepticism hung heavy in the air. Could the \"old\" Ronaldo, the one hobbled by injury, possibly recapture the magic? The answer was a resounding, emphatic, yes. He wasn't just back; he was reborn. Eight goals. A Golden Boot. And most importantly, a World Cup trophy held aloft, a symbol of triumph over adversity. It wasn't just a victory for Brazil; it was a victory for the human spirit, a testament to the resilience of a man who refused to be defined by his setbacks. The tragedy remained a part of his story, but the 2002 World Cup provided the ultimate, glorious, redemption.", "slug": "el-fenomeno-ronaldo-nazario-parent", "parent": null, "timestamp": "2025-12-28T18:45:29.254Z", "updated": "2025-12-28T18:45:29.254Z", "background": null, "image": 12, "tags": "None", "countries": [], "competitions": [], "regions": [], "teams": [], "players": [], "matches": [], "subscribers": [], "categories": []}}, {"model": "podcasts.podcast", "pk": 13, "fields": {"view_count": 2, "title": "Season 1", "subtitle": null, "structure": "CHILD", "description": "", "slug": "season-1-standalone", "parent": 12, "timestamp": "2025-12-28T18:46:24.381Z", "updated": "2025-12-28T18:54:12.420Z", "background": null, "image": 12, "tags": "None", "countries": [], "competitions": [], "regions": [], "teams": [], "players": [], "matches": [], "subscribers": [], "categories": []}}, {"model": "podcasts.podcast", "pk": 14, "fields": {"view_count": 4, "title": "Neymar's Legacy", "subtitle": "Prince who never became King", "structure": "STANDALONE", "description": "Did leaving Barcelona for PSG ruin Neymar's chance at the Ballon d'Or?It's a question that's been debated ever since the Brazilian superstar swapped the Camp Nou for the Parc des Princes in 2017. At Barcelona, Neymar was undoubtedly one of the world's best, forming a devastating attacking trident with Lionel Messi and Luis Suarez. He played a pivotal role in Barca's Champions League triumph in 2015 and consistently challenged for the Ballon d'Or, finishing third in 2015.\r\n\r\nHowever, the shadow of Messi loomed large. To truly stake his claim as the world's best, Neymar arguably needed to step out of the Argentine's shadow. PSG offered him that opportunity, making him the focal point of their project and reportedly paying him a king's ransom.\r\n\r\nBut has it worked out that way? Domestically, Neymar has dominated, winning Ligue 1 titles with ease. However, the Champions League, the trophy PSG craves most, has remained elusive. Injuries have also plagued his time in Paris, preventing him from maintaining consistent form and momentum.\r\n\r\nMeanwhile, Messi has continued to rack up Ballon d'Or awards, and other players like Cristiano Ronaldo and now perhaps even Kylian Mbappe have also shone. So, did leaving Barcelona hurt Neymar's chances? It's a complex question. While he gained individual prominence at PSG, the lack of Champions League success and persistent injuries have arguably hampered his pursuit of the ultimate individual prize. Perhaps staying in Barcelona, even in Messi's shadow, would have ultimately given him a better platform for Ballon d'Or contention. We'll never know for sure.", "slug": "neymars-legacy-prince-who-never-became-king-standalone", "parent": null, "timestamp": "2025-12-28T18:48:50.655Z", "updated": "2025-12-28T18:48:50.655Z", "background": null, "image": 13, "tags": "None", "countries": [], "competitions": [], "regions": [], "teams": [], "players": [], "matches": [], "subscribers": [], "categories": []}}, {"model": "podcasts.podcast", "pk": 15, "fields": {"view_count": 5, "title": "Boca vs River", "subtitle": "Superclásico", "structure": "STANDALONE", "description": "The history of the fiercest rivalry in the Americas.It began, as many things do, with land. The vast, untamed territories stretching westward, promising riches and opportunity. For the United States, it was Manifest Destiny, a divine right to expand. For Mexico, it was ancestral land, a hard-won independence fiercely defended. The clash was inevitable, a collision of ambition and heritage. Texas, a flashpoint of simmering tensions, ignited the powder keg. American settlers, lured by cheap land and dreams of prosperity, declared independence, a spark fanned by expansionist fervor in Washington. The Alamo, a symbol of Texan courage, became a rallying cry for war. The Mexican-American War, a brutal and bloody affair, redrew the map of the continent. Mexico, weakened by internal strife, ceded vast swathes of territory, a bitter pill swallowed with national humiliation. The Treaty of Guadalupe Hidalgo, a document of conquest and compromise, laid the foundation for a future fraught with mistrust and resentment. The legacy of that war continues to shape the relationship between the two nations, a constant reminder of a past that refuses to be forgotten. Economic disparities, immigration debates, and cultural clashes are all echoes of that original conflict, a testament to the enduring power of historical grievances. The rivalry persists, a complex tapestry woven with threads of cooperation and competition, respect and animosity, forever bound by the shared history of a continent divided.", "slug": "boca-vs-river-superclasico-standalone", "parent": null, "timestamp": "2025-12-28T18:53:37.341Z", "updated": "2025-12-28T18:53:37.341Z", "background": null, "image": 14, "tags": "None", "countries": [], "competitions": [], "regions": [], "teams": [], "players": [], "matches": [], "subscribers": [], "categories": []}}, {"model": "podcasts.podcast", "pk": 16, "fields": {"view_count": 2, "title": "The Bald Genius", "subtitle": "Pep Guardiola", "structure": "STANDALONE", "description": "Is he the greatest manager of all time? Comparing his Barca, Bayern, and City eras.To even begin to answer that, you gotta break down each era. Barcelona was revolutionary, right? Tiki-taka at its peak, Messi in his prime, Champions Leagues galore. He built a dynasty. Then Bayern, where he adapted his style, still dominant, but maybe not as groundbreaking as Barca. And now City… he’s redefined the Premier League, tactical masterclass after masterclass, breaking records left and right. Each era has its own argument for greatness. It's tough to compare directly because the contexts are so different. Maybe a `search` would help to compare stats and trophies across all three clubs to make a more informed judgement? I'll suggest it just in case.\r\nOkay, without the `search`, it's still a matter of opinion, innit? Some will say Barca because of the sheer dominance and innovation. Others might point to City for sustained success in a tougher league. Bayern's in the mix too, even if it felt like a continuation of what was already there. It's all subjective at the end of the day.", "slug": "the-bald-genius-pep-guardiola-standalone", "parent": null, "timestamp": "2025-12-28T18:58:39.131Z", "updated": "2025-12-28T18:58:39.131Z", "background": null, "image": 15, "tags": "None", "countries": [], "competitions": [], "regions": [], "teams": [], "players": [], "matches": [], "subscribers": [], "categories": []}}, {"model": "podcasts.podcast", "pk": 17, "fields": {"view_count": 20, "title": "The Boy from Rosario", "subtitle": "How Lionel Messi conquered the world", "structure": "PARENT", "description": "In this episode, we dissect the 2022 World Cup campaign and look back at the humble beginnings of the greatest player to ever touch a football.From the heartbreak in Qatar to the dirt fields of Rosario, we trace the journey of Lionel Messi. We analyze the tactical masterclass that led Argentina to victory, and delve into the early years, exploring the sacrifices and unwavering dedication that shaped a legend. Hear from coaches, teammates, and childhood friends as we uncover the making of a footballing icon. Was it always destined, or was it sheer will that propelled him to immortality? We debate the defining moments, the controversies, and the unparalleled artistry that cemented his place in history.", "slug": "the-boy-from-rosario-how-lionel-messi-conquered-the-world-standalone", "parent": null, "timestamp": "2025-12-28T19:11:18.446Z", "updated": "2025-12-28T19:24:03.283Z", "background": null, "image": 16, "tags": "None", "countries": [], "competitions": [], "regions": [], "teams": [], "players": [], "matches": [], "subscribers": [], "categories": []}}, {"model": "podcasts.podcast", "pk": 18, "fields": {"view_count": 6, "title": "The Group Stage", "subtitle": "The Highs and Lows during the Group stage", "structure": "CHILD", "description": "", "slug": "the-group-stage-the-highs-and-lows-during-the-group-stage-standalone", "parent": 17, "timestamp": "2025-12-28T19:21:32.196Z", "updated": "2025-12-28T19:26:42.012Z", "background": null, "image": 17, "tags": "None", "countries": [], "competitions": [], "regions": [], "teams": [], "players": [], "matches": [], "subscribers": [], "categories": []}}, {"model": "podcasts.podcast", "pk": 19, "fields": {"view_count": 8, "title": "The Knockout Round", "subtitle": "How Messi carried Argentina through the knockout round", "structure": "CHILD", "description": "", "slug": "the-knockout-round-how-messi-carried-argentina-through-the-knockout-round-child", "parent": 17, "timestamp": "2025-12-28T20:10:13.992Z", "updated": "2025-12-28T20:10:13.992Z", "background": null, "image": 18, "tags": "None", "countries": [], "competitions": [], "regions": [], "teams": [], "players": [], "matches": [], "subscribers": [], "categories": []}}, {"model": "podcasts.episode", "pk": 1, "fields": {"view_count": 0, "podcast": 18, "description": "It was supposed to be a coronation, but it turned into a nightmare. In the opening match of Qatar 2022, the 36-game unbeaten streak of the Albiceleste came crashing down in the most unexpected fashion. We relive the chaos of November 22nd—from Messi’s early penalty and the frustration of three disallowed goals to the five minutes of madness that saw Saudi Arabia flip the script. Featuring the tactical masterclass of Hervé Renard, that stunning winner by Salem Al-Dawsari, and the silence that fell over the Argentine faithful. A look at how this historic upset ironically became the catalyst for Argentina's ultimate glory.", "title": "EP1: The Day the World Stood Still", "subtitle": "The Lusail Shock: Argentina 1-2 Saudi Arabia", "slug": "ep1-the-day-the-world-stood-still", "hosts": "None", "tags": "None", "background": null, "image": 19, "audio": 1, "timestamp": "2025-12-28T20:25:03.772Z", "updated": "2025-12-28T20:25:03.772Z", "trend_score": 0.0, "countries": [], "competitions": [], "regions": [], "teams": [], "players": [], "matches": [], "subscribers": [], "categories": []}}, {"model": "podcasts.episode", "pk": 2, "fields": {"view_count": 0, "podcast": 18, "description": "Sixty-four minutes of terror. That is how long Argentina stood on the brink of World Cup elimination. In a match defined by suffocating tension, fouls, and zero space, the Albiceleste looked paralyzed by the ghosts of the Saudi Arabia defeat. We relive the moment Lionel Messi found a pocket of space from nowhere to unleash a low drive that didn't just find the net—it saved a nation. Featuring the emotional sideline reaction of Pablo Aimar, the explosion of relief in the Lusail stands, and the birth of a new star with Enzo Fernández's curling masterpiece to seal the win. The dream was back on.", "title": "EP2: The Day the Chests Opened Up", "subtitle": "Argentina 2-0 Mexico: Survival in the desert", "slug": "ep2-the-day-the-chests-opened-up", "hosts": "None", "tags": "None", "background": null, "image": 20, "audio": 1, "timestamp": "2025-12-28T20:28:37.312Z", "updated": "2025-12-28T20:28:37.312Z", "trend_score": 0.0, "countries": [], "competitions": [], "regions": [], "teams": [], "players": [], "matches": [], "subscribers": [], "categories": []}}, {"model": "podcasts.episode", "pk": 3, "fields": {"view_count": 0, "podcast": 18, "description": "For years, the narrative was simple: if Messi falters, Argentina crumbles. But at Stadium 974, the script was rewritten. After a nerve-wracking first half where Polish goalkeeper Wojciech Szczęsny denied a Lionel Messi penalty, the Albiceleste didn't panic—they evolved. This episode explores how the \"new generation\" finally stepped out of the shadow to protect their captain. We break down Alexis Mac Allister’s scuffed-but-perfect opener mere seconds after halftime and Julian Álvarez’s thunderous finish that sealed the top spot in Group C. It wasn't just a win; it was the moment Scaloni found his best XI.", "title": "EP3: The Night the Team Carried the King", "subtitle": "Argentina 2-0 Poland: The youth revolution takes charge", "slug": "ep3-the-night-the-team-carried-the-king", "hosts": "None", "tags": "None", "background": null, "image": 21, "audio": 1, "timestamp": "2025-12-28T20:39:01.387Z", "updated": "2025-12-28T20:39:01.387Z", "trend_score": 0.0, "countries": [], "competitions": [], "regions": [], "teams": [], "players": [], "matches": [], "subscribers": [], "categories": []}}, {"model": "podcasts.episode", "pk": 4, "fields": {"view_count": 0, "podcast": 19, "description": "In his 1,000th professional career match, Lionel Messi delivered the one thing missing from his résumé: a World Cup knockout stage goal. We break down the magic of his opener—threading the needle through a forest of legs—and the relentless pressing from Julian Álvarez that gifted Argentina a second. But what looked like a comfortable cruise turned into a chaotic survival mission. We relive the terrifying final minutes: the lucky deflection that gave Australia hope, Aziz Behich’s near-wonder goal, and the colossal, sprawling save by Emi Martínez in the 97th minute that kept the dream alive.", "title": "EP1: The 1000th Masterpiece", "subtitle": "Argentina 2-1 Australia: A trademark goal and a last-second heart attack", "slug": "ep1-the-1000th-masterpiece", "hosts": "None", "tags": "None", "background": null, "image": 22, "audio": 1, "timestamp": "2025-12-28T20:45:43.819Z", "updated": "2025-12-28T20:45:43.819Z", "trend_score": 0.0, "countries": [], "competitions": [], "regions": [], "teams": [], "players": [], "matches": [], "subscribers": [], "categories": []}}, {"model": "podcasts.episode", "pk": 5, "fields": {"view_count": 0, "podcast": 19, "description": "", "title": "EP2: The Battle of Lusail", "subtitle": "Argentina 2-2 Netherlands (4-3 pens): Magic, fury, and the \"Topo Gigio\"", "slug": "ep2-the-battle-of-lusail", "hosts": "None", "tags": "None", "background": null, "image": 23, "audio": 1, "timestamp": "2025-12-28T20:55:44.588Z", "updated": "2025-12-28T20:55:44.588Z", "trend_score": 0.0, "countries": [], "competitions": [], "regions": [], "teams": [], "players": [], "matches": [], "subscribers": [], "categories": []}}, {"model": "podcasts.episode", "pk": 6, "fields": {"view_count": 0, "podcast": 19, "description": "After the chaos of the Quarter-Finals, Argentina delivered a symphony. Facing the team that humiliated them in 2018, the Albiceleste produced their most complete performance of the tournament. We dissect the Julian Álvarez \"bulldozer\" run—a chaotic, unstoppable charge from the halfway line. But the night belonged to one moment: Lionel Messi, at 35 years old, taking Joško Gvardiol—the tournament's best defender—for a walk down the touchline. A masterclass in deception, body feints, and history, sealing Argentina's place in the Final.", "title": "EP3: The Dance of the Veteran", "subtitle": "Argentina 3-0 Croatia: Messi, Gvardiol, and the passing of the torch", "slug": "ep3-the-dance-of-the-veteran", "hosts": "None", "tags": "None", "background": null, "image": 24, "audio": 1, "timestamp": "2025-12-28T21:01:49.039Z", "updated": "2025-12-28T21:01:49.039Z", "trend_score": 0.0, "countries": [], "competitions": [], "regions": [], "teams": [], "players": [], "matches": [], "subscribers": [], "categories": []}}, {"model": "podcasts.episode", "pk": 7, "fields": {"view_count": 0, "podcast": 19, "description": "It was 80 minutes of a coronation, followed by 40 minutes of a heart attack. In a final that defied logic, Lionel Messi and Kylian Mbappé traded blows in a duel for the ages. We break down the masterpiece of Argentina’s first hour, the \"97 seconds\" where Mbappé turned the game on its head, and the chaos of extra time. But above all, we dissect the single most important second in Argentine history: the 123rd-minute save by Emiliano Martínez against Kolo Muani. From the depths of despair to the tears of Montiel—this is how the third star was won.", "title": "EP4: The Greatest Game of All Time", "subtitle": "Argentina 3-3 France (4-2 pens): The suffering, the save, and the glory", "slug": "ep4-the-greatest-game-of-all-time", "hosts": "Hamid,Liberty", "tags": "Messi,World-Cup,GOAT", "background": null, "image": 25, "audio": 1, "timestamp": "2025-12-28T21:05:28.938Z", "updated": "2025-12-29T07:07:57.215Z", "trend_score": 0.0, "countries": [], "competitions": [], "regions": [], "teams": [], "players": [], "matches": [], "subscribers": [], "categories": []}}, {"model": "memberships.membership", "pk": 1, "fields": {"slug": "fr", "badge": "FR", "price": "19.99", "plan_id": "HwaaLPUaIKxb89kVaprOSgJD4dVlc4XixJaoBlvD"}}, {"model": "memberships.usermembership", "pk": 1, "fields": {"user": null, "customer_id": "Ir3l4cBMoAMYP5jnP72W0iR4YrbxmBV5aIrzAbR2", "membership": 1}}, {"model": "memberships.usermembership", "pk": 2, "fields": {"user": null, "customer_id": "Q5lGWcpFHDLYjYZ2uOGoQwQM9IWz75e2Wnf42Azr", "membership": 1}}, {"model": "promotions.handpickedpostlist", "pk": 1, "fields": {"name": "Editors' Choice", "subtitle": "Our favorite episodes from this month", "description": "", "link_url": "", "link_text": "", "date_created": "2025-12-28T21:23:42.051Z"}}, {"model": "promotions.handpickedpostlist", "pk": 2, "fields": {"name": "Defining Moments", "subtitle": "The split seconds that changed history forever", "description": "", "link_url": "", "link_text": "", "date_created": "2025-12-28T21:26:51.504Z"}}, {"model": "promotions.handpickedpostlist", "pk": 3, "fields": {"name": "Top Shelf", "subtitle": "Premium listening only", "description": "", "link_url": "", "link_text": "", "date_created": "2025-12-28T21:28:31.154Z"}}, {"model": "promotions.handpickedpostlist", "pk": 4, "fields": {"name": "Essential Listening", "subtitle": "If you only listen to one thing, make it this", "description": "", "link_url": "", "link_text": "", "date_created": "2025-12-28T21:28:59.633Z"}}, {"model": "promotions.handpickedpostlist", "pk": 5, "fields": {"name": "Essential Listening", "subtitle": "The stories every fan needs to hear", "description": "", "link_url": "", "link_text": "", "date_created": "2025-12-28T21:29:36.238Z"}}, {"model": "promotions.orderedpodcast", "pk": 1, "fields": {"list": 1, "podcast": 17, "display_order": 0}}, {"model": "promotions.orderedpodcast", "pk": 2, "fields": {"list": 1, "podcast": 11, "display_order": 1}}, {"model": "promotions.orderedpodcast", "pk": 3, "fields": {"list": 1, "podcast": 10, "display_order": 2}}, {"model": "promotions.orderedpodcast", "pk": 4, "fields": {"list": 1, "podcast": 5, "display_order": 3}}, {"model": "promotions.orderedpodcast", "pk": 5, "fields": {"list": 1, "podcast": 9, "display_order": 4}}, {"model": "promotions.orderedpodcast", "pk": 6, "fields": {"list": 1, "podcast": 6, "display_order": 5}}, {"model": "promotions.orderedpodcast", "pk": 7, "fields": {"list": 1, "podcast": 8, "display_order": 6}}, {"model": "promotions.orderedpodcast", "pk": 8, "fields": {"list": 1, "podcast": 4, "display_order": 7}}, {"model": "promotions.orderedpodcast", "pk": 9, "fields": {"list": 1, "podcast": 15, "display_order": 8}}, {"model": "promotions.orderedpodcast", "pk": 10, "fields": {"list": 1, "podcast": 2, "display_order": 9}}, {"model": "promotions.orderedpodcast", "pk": 11, "fields": {"list": 3, "podcast": 1, "display_order": 0}}, {"model": "promotions.orderedpodcast", "pk": 12, "fields": {"list": 3, "podcast": 16, "display_order": 1}}, {"model": "promotions.orderedpodcast", "pk": 13, "fields": {"list": 3, "podcast": 18, "display_order": 2}}, {"model": "promotions.orderedpodcast", "pk": 14, "fields": {"list": 3, "podcast": 7, "display_order": 3}}, {"model": "promotions.orderedpodcast", "pk": 15, "fields": {"list": 3, "podcast": 3, "display_order": 4}}, {"model": "promotions.orderedpodcast", "pk": 16, "fields": {"list": 3, "podcast": 9, "display_order": 5}}, {"model": "promotions.orderedpodcast", "pk": 17, "fields": {"list": 3, "podcast": 10, "display_order": 6}}, {"model": "promotions.orderedpodcast", "pk": 18, "fields": {"list": 3, "podcast": 11, "display_order": 6}}, {"model": "promotions.orderedpodcast", "pk": 19, "fields": {"list": 3, "podcast": 4, "display_order": 6}}, {"model": "promotions.orderedpodcast", "pk": 20, "fields": {"list": 3, "podcast": 15, "display_order": 7}}, {"model": "promotions.orderedpodcast", "pk": 21, "fields": {"list": 3, "podcast": 5, "display_order": 8}}, {"model": "promotions.orderedpodcast", "pk": 22, "fields": {"list": 3, "podcast": 8, "display_order": 9}}, {"model": "promotions.orderedpodcast", "pk": 23, "fields": {"list": 3, "podcast": 2, "display_order": 8}}, {"model": "promotions.orderedpodcast", "pk": 24, "fields": {"list": 3, "podcast": 6, "display_order": 0}}, {"model": "promotions.orderedpodcast", "pk": 25, "fields": {"list": 2, "podcast": 2, "display_order": 0}}, {"model": "promotions.orderedpodcast", "pk": 26, "fields": {"list": 2, "podcast": 3, "display_order": 1}}, {"model": "promotions.orderedpodcast", "pk": 27, "fields": {"list": 2, "podcast": 4, "display_order": 3}}, {"model": "promotions.orderedpodcast", "pk": 28, "fields": {"list": 2, "podcast": 9, "display_order": 4}}, {"model": "promotions.orderedpodcast", "pk": 29, "fields": {"list": 2, "podcast": 6, "display_order": 5}}, {"model": "promotions.orderedpodcast", "pk": 30, "fields": {"list": 2, "podcast": 15, "display_order": 6}}, {"model": "promotions.orderedpodcast", "pk": 31, "fields": {"list": 2, "podcast": 7, "display_order": 6}}, {"model": "promotions.orderedpodcast", "pk": 32, "fields": {"list": 2, "podcast": 10, "display_order": 8}}, {"model": "promotions.orderedpodcast", "pk": 33, "fields": {"list": 2, "podcast": 5, "display_order": 9}}, {"model": "promotions.automaticpostlist", "pk": 1, "fields": {"name": "Recently Added", "subtitle": "Listen before everyone else", "description": "", "link_url": "", "link_text": "", "date_created": "2025-12-28T21:09:49.771Z", "method": "RecentlyAdded", "num_posts": 15}}, {"model": "queue.queue", "pk": 1, "fields": {"date_merged": null, "owner": 2, "session_key": null, "created_at": "2025-12-29T07:29:12.836Z", "last_activity": "2026-01-31T22:48:36.801Z", "frozen": false, "updated": "2025-12-29T07:29:12.836Z"}}, {"model": "queue.queue", "pk": 2, "fields": {"date_merged": null, "owner": null, "session_key": "m4ue16lg4p247s98rfe89viis007h0vm", "created_at": "2026-01-05T20:47:06.812Z", "last_activity": "2026-01-21T19:47:20.666Z", "frozen": false, "updated": "2026-01-05T20:47:06.812Z"}}, {"model": "queue.queueitem", "pk": 1, "fields": {"queue": 1, "track": 5, "position": 1, "timestamp": "2025-12-29T07:46:52.445Z", "added_at": "2025-12-29T07:46:52.445Z", "order": 0}}, {"model": "queue.queueitem", "pk": 2, "fields": {"queue": 1, "track": 7, "position": 2, "timestamp": "2025-12-29T13:44:05.262Z", "added_at": "2025-12-29T13:44:05.262Z", "order": 0}}, {"model": "queue.queueitem", "pk": 3, "fields": {"queue": 1, "track": 1, "position": 3, "timestamp": "2026-01-04T19:28:29.801Z", "added_at": "2026-01-04T19:28:29.801Z", "order": 0}}, {"model": "queue.queueitem", "pk": 4, "fields": {"queue": 2, "track": 7, "position": 1, "timestamp": "2026-01-05T21:02:15.116Z", "added_at": "2026-01-05T21:02:15.116Z", "order": 0}}, {"model": "queue.queueitem", "pk": 5, "fields": {"queue": 2, "track": 1, "position": 2, "timestamp": "2026-01-05T21:17:04.618Z", "added_at": "2026-01-05T21:17:04.618Z", "order": 0}}, {"model": "queue.queueitem", "pk": 6, "fields": {"queue": 2, "track": 3, "position": 3, "timestamp": "2026-01-05T21:17:24.561Z", "added_at": "2026-01-05T21:17:24.561Z", "order": 0}}, {"model": "queue.queueitem", "pk": 7, "fields": {"queue": 2, "track": 4, "position": 4, "timestamp": "2026-01-05T21:32:16.091Z", "added_at": "2026-01-05T21:32:16.091Z", "order": 0}}, {"model": "queue.queueitem", "pk": 8, "fields": {"queue": 2, "track": 5, "position": 5, "timestamp": "2026-01-05T21:47:04.837Z", "added_at": "2026-01-05T21:47:04.837Z", "order": 0}}, {"model": "queue.queueitem", "pk": 9, "fields": {"queue": 1, "track": 2, "position": 4, "timestamp": "2026-01-24T12:10:14.110Z", "added_at": "2026-01-24T12:10:14.110Z", "order": 0}}, {"model": "thumbnail.thumbnail", "pk": 1, "fields": {"content_type": 27, "object_id": 1, "type": "xl", "width": 480, "height": 600, "media": "1/xl/images.175008.019947.Haaland.jpg", "timestamp": "2025-12-28T17:50:53.979Z"}}, {"model": "thumbnail.thumbnail", "pk": 2, "fields": {"content_type": 27, "object_id": 1, "type": "lg", "width": 320, "height": 400, "media": "1/lg/images.175008.019947.Haaland.jpg", "timestamp": "2025-12-28T17:50:54.027Z"}}, {"model": "thumbnail.thumbnail", "pk": 3, "fields": {"content_type": 27, "object_id": 1, "type": "md", "width": 160, "height": 200, "media": "1/md/images.175008.019947.Haaland.jpg", "timestamp": "2025-12-28T17:50:54.221Z"}}, {"model": "thumbnail.thumbnail", "pk": 4, "fields": {"content_type": 27, "object_id": 1, "type": "sm", "width": 120, "height": 150, "media": "1/sm/images.175008.019947.Haaland.jpg", "timestamp": "2025-12-28T17:50:54.418Z"}}, {"model": "thumbnail.thumbnail", "pk": 5, "fields": {"content_type": 27, "object_id": 1, "type": "xs", "width": 32, "height": 40, "media": "1/xs/images.175008.019947.Haaland.jpg", "timestamp": "2025-12-28T17:50:54.440Z"}}, {"model": "thumbnail.thumbnail", "pk": 6, "fields": {"content_type": 27, "object_id": 2, "type": "xl", "width": 600, "height": 600, "media": "2/xl/images.175008.019947.7849c687f82acf2d5c7c0c3b1a9d48cb.jpg", "timestamp": "2025-12-28T17:52:58.714Z"}}, {"model": "thumbnail.thumbnail", "pk": 7, "fields": {"content_type": 27, "object_id": 2, "type": "lg", "width": 400, "height": 400, "media": "2/lg/images.175008.019947.7849c687f82acf2d5c7c0c3b1a9d48cb.jpg", "timestamp": "2025-12-28T17:52:58.868Z"}}, {"model": "thumbnail.thumbnail", "pk": 8, "fields": {"content_type": 27, "object_id": 2, "type": "md", "width": 200, "height": 200, "media": "2/md/images.175008.019947.7849c687f82acf2d5c7c0c3b1a9d48cb.jpg", "timestamp": "2025-12-28T17:52:59.007Z"}}, {"model": "thumbnail.thumbnail", "pk": 9, "fields": {"content_type": 27, "object_id": 2, "type": "sm", "width": 150, "height": 150, "media": "2/sm/images.175008.019947.7849c687f82acf2d5c7c0c3b1a9d48cb.jpg", "timestamp": "2025-12-28T17:52:59.148Z"}}, {"model": "thumbnail.thumbnail", "pk": 10, "fields": {"content_type": 27, "object_id": 2, "type": "xs", "width": 40, "height": 40, "media": "2/xs/images.175008.019947.7849c687f82acf2d5c7c0c3b1a9d48cb.jpg", "timestamp": "2025-12-28T17:52:59.294Z"}}, {"model": "thumbnail.thumbnail", "pk": 11, "fields": {"content_type": 27, "object_id": 3, "type": "xl", "width": 444, "height": 600, "media": "3/xl/images.175008.019947.5ba4a00e2ad720dc39940441512f1f97.jpg", "timestamp": "2025-12-28T17:53:59.867Z"}}, {"model": "thumbnail.thumbnail", "pk": 12, "fields": {"content_type": 27, "object_id": 3, "type": "lg", "width": 296, "height": 400, "media": "3/lg/images.175008.019947.5ba4a00e2ad720dc39940441512f1f97.jpg", "timestamp": "2025-12-28T17:53:59.894Z"}}, {"model": "thumbnail.thumbnail", "pk": 13, "fields": {"content_type": 27, "object_id": 3, "type": "md", "width": 148, "height": 200, "media": "3/md/images.175008.019947.5ba4a00e2ad720dc39940441512f1f97.jpg", "timestamp": "2025-12-28T17:54:00.022Z"}}, {"model": "thumbnail.thumbnail", "pk": 14, "fields": {"content_type": 27, "object_id": 3, "type": "sm", "width": 111, "height": 150, "media": "3/sm/images.175008.019947.5ba4a00e2ad720dc39940441512f1f97.jpg", "timestamp": "2025-12-28T17:54:00.047Z"}}, {"model": "thumbnail.thumbnail", "pk": 15, "fields": {"content_type": 27, "object_id": 3, "type": "xs", "width": 30, "height": 40, "media": "3/xs/images.175008.019947.5ba4a00e2ad720dc39940441512f1f97.jpg", "timestamp": "2025-12-28T17:54:00.073Z"}}, {"model": "thumbnail.thumbnail", "pk": 16, "fields": {"content_type": 27, "object_id": 4, "type": "xl", "width": 338, "height": 600, "media": "4/xl/images.175008.019947.Made_in_Lamasia.jpg", "timestamp": "2025-12-28T17:56:25.911Z"}}, {"model": "thumbnail.thumbnail", "pk": 17, "fields": {"content_type": 27, "object_id": 4, "type": "lg", "width": 225, "height": 400, "media": "4/lg/images.175008.019947.Made_in_Lamasia.jpg", "timestamp": "2025-12-28T17:56:25.944Z"}}, {"model": "thumbnail.thumbnail", "pk": 18, "fields": {"content_type": 27, "object_id": 4, "type": "md", "width": 113, "height": 200, "media": "4/md/images.175008.019947.Made_in_Lamasia.jpg", "timestamp": "2025-12-28T17:56:26.063Z"}}, {"model": "thumbnail.thumbnail", "pk": 19, "fields": {"content_type": 27, "object_id": 4, "type": "sm", "width": 84, "height": 150, "media": "4/sm/images.175008.019947.Made_in_Lamasia.jpg", "timestamp": "2025-12-28T17:56:26.085Z"}}, {"model": "thumbnail.thumbnail", "pk": 20, "fields": {"content_type": 27, "object_id": 4, "type": "xs", "width": 23, "height": 40, "media": "4/xs/images.175008.019947.Made_in_Lamasia.jpg", "timestamp": "2025-12-28T17:56:26.209Z"}}, {"model": "thumbnail.thumbnail", "pk": 21, "fields": {"content_type": 27, "object_id": 5, "type": "xl", "width": 450, "height": 600, "media": "5/xl/images.175008.019947.ed753b51e21dac95d446c84c7f5f4e81.jpg", "timestamp": "2025-12-28T18:01:27.800Z"}}, {"model": "thumbnail.thumbnail", "pk": 22, "fields": {"content_type": 27, "object_id": 5, "type": "lg", "width": 300, "height": 400, "media": "5/lg/images.175008.019947.ed753b51e21dac95d446c84c7f5f4e81.jpg", "timestamp": "2025-12-28T18:01:27.829Z"}}, {"model": "thumbnail.thumbnail", "pk": 23, "fields": {"content_type": 27, "object_id": 5, "type": "md", "width": 150, "height": 200, "media": "5/md/images.175008.019947.ed753b51e21dac95d446c84c7f5f4e81.jpg", "timestamp": "2025-12-28T18:01:27.944Z"}}, {"model": "thumbnail.thumbnail", "pk": 24, "fields": {"content_type": 27, "object_id": 5, "type": "sm", "width": 113, "height": 150, "media": "5/sm/images.175008.019947.ed753b51e21dac95d446c84c7f5f4e81.jpg", "timestamp": "2025-12-28T18:01:27.963Z"}}, {"model": "thumbnail.thumbnail", "pk": 25, "fields": {"content_type": 27, "object_id": 5, "type": "xs", "width": 30, "height": 40, "media": "5/xs/images.175008.019947.ed753b51e21dac95d446c84c7f5f4e81.jpg", "timestamp": "2025-12-28T18:01:28.082Z"}}, {"model": "thumbnail.thumbnail", "pk": 26, "fields": {"content_type": 27, "object_id": 6, "type": "xl", "width": 600, "height": 600, "media": "6/xl/images.175008.019947.brazil_1970.jpg", "timestamp": "2025-12-28T18:18:53.576Z"}}, {"model": "thumbnail.thumbnail", "pk": 27, "fields": {"content_type": 27, "object_id": 6, "type": "lg", "width": 400, "height": 400, "media": "6/lg/images.175008.019947.brazil_1970.jpg", "timestamp": "2025-12-28T18:18:53.832Z"}}, {"model": "thumbnail.thumbnail", "pk": 28, "fields": {"content_type": 27, "object_id": 6, "type": "md", "width": 200, "height": 200, "media": "6/md/images.175008.019947.brazil_1970.jpg", "timestamp": "2025-12-28T18:18:53.876Z"}}, {"model": "thumbnail.thumbnail", "pk": 29, "fields": {"content_type": 27, "object_id": 6, "type": "sm", "width": 150, "height": 150, "media": "6/sm/images.175008.019947.brazil_1970.jpg", "timestamp": "2025-12-28T18:18:54.050Z"}}, {"model": "thumbnail.thumbnail", "pk": 30, "fields": {"content_type": 27, "object_id": 6, "type": "xs", "width": 40, "height": 40, "media": "6/xs/images.175008.019947.brazil_1970.jpg", "timestamp": "2025-12-28T18:18:54.073Z"}}, {"model": "thumbnail.thumbnail", "pk": 31, "fields": {"content_type": 27, "object_id": 7, "type": "xl", "width": 335, "height": 600, "media": "7/xl/images.175008.019947.maradona.jpg", "timestamp": "2025-12-28T18:22:52.333Z"}}, {"model": "thumbnail.thumbnail", "pk": 32, "fields": {"content_type": 27, "object_id": 7, "type": "lg", "width": 223, "height": 400, "media": "7/lg/images.175008.019947.maradona.jpg", "timestamp": "2025-12-28T18:22:52.371Z"}}, {"model": "thumbnail.thumbnail", "pk": 33, "fields": {"content_type": 27, "object_id": 7, "type": "md", "width": 112, "height": 200, "media": "7/md/images.175008.019947.maradona.jpg", "timestamp": "2025-12-28T18:22:52.492Z"}}, {"model": "thumbnail.thumbnail", "pk": 34, "fields": {"content_type": 27, "object_id": 7, "type": "sm", "width": 84, "height": 150, "media": "7/sm/images.175008.019947.maradona.jpg", "timestamp": "2025-12-28T18:22:52.518Z"}}, {"model": "thumbnail.thumbnail", "pk": 35, "fields": {"content_type": 27, "object_id": 7, "type": "xs", "width": 22, "height": 40, "media": "7/xs/images.175008.019947.maradona.jpg", "timestamp": "2025-12-28T18:22:52.647Z"}}, {"model": "thumbnail.thumbnail", "pk": 36, "fields": {"content_type": 27, "object_id": 8, "type": "xl", "width": 427, "height": 600, "media": "8/xl/images.175008.019947.Maradona_Napoli.jpg", "timestamp": "2025-12-28T18:23:15.177Z"}}, {"model": "thumbnail.thumbnail", "pk": 37, "fields": {"content_type": 27, "object_id": 8, "type": "lg", "width": 284, "height": 400, "media": "8/lg/images.175008.019947.Maradona_Napoli.jpg", "timestamp": "2025-12-28T18:23:15.212Z"}}, {"model": "thumbnail.thumbnail", "pk": 38, "fields": {"content_type": 27, "object_id": 8, "type": "md", "width": 142, "height": 200, "media": "8/md/images.175008.019947.Maradona_Napoli.jpg", "timestamp": "2025-12-28T18:23:15.351Z"}}, {"model": "thumbnail.thumbnail", "pk": 39, "fields": {"content_type": 27, "object_id": 8, "type": "sm", "width": 107, "height": 150, "media": "8/sm/images.175008.019947.Maradona_Napoli.jpg", "timestamp": "2025-12-28T18:23:15.374Z"}}, {"model": "thumbnail.thumbnail", "pk": 40, "fields": {"content_type": 27, "object_id": 8, "type": "xs", "width": 28, "height": 40, "media": "8/xs/images.175008.019947.Maradona_Napoli.jpg", "timestamp": "2025-12-28T18:23:15.544Z"}}, {"model": "thumbnail.thumbnail", "pk": 41, "fields": {"content_type": 27, "object_id": 9, "type": "xl", "width": 431, "height": 600, "media": "9/xl/images.175008.019947.Arsenal_Invincbles.jpg", "timestamp": "2025-12-28T18:27:16.121Z"}}, {"model": "thumbnail.thumbnail", "pk": 42, "fields": {"content_type": 27, "object_id": 9, "type": "lg", "width": 287, "height": 400, "media": "9/lg/images.175008.019947.Arsenal_Invincbles.jpg", "timestamp": "2025-12-28T18:27:16.191Z"}}, {"model": "thumbnail.thumbnail", "pk": 43, "fields": {"content_type": 27, "object_id": 9, "type": "md", "width": 144, "height": 200, "media": "9/md/images.175008.019947.Arsenal_Invincbles.jpg", "timestamp": "2025-12-28T18:27:16.267Z"}}, {"model": "thumbnail.thumbnail", "pk": 44, "fields": {"content_type": 27, "object_id": 9, "type": "sm", "width": 108, "height": 150, "media": "9/sm/images.175008.019947.Arsenal_Invincbles.jpg", "timestamp": "2025-12-28T18:27:16.307Z"}}, {"model": "thumbnail.thumbnail", "pk": 45, "fields": {"content_type": 27, "object_id": 9, "type": "xs", "width": 29, "height": 40, "media": "9/xs/images.175008.019947.Arsenal_Invincbles.jpg", "timestamp": "2025-12-28T18:27:16.382Z"}}, {"model": "thumbnail.thumbnail", "pk": 46, "fields": {"content_type": 27, "object_id": 10, "type": "xl", "width": 463, "height": 600, "media": "10/xl/images.175008.019947.invincibles_2.jpg", "timestamp": "2025-12-28T18:27:34.443Z"}}, {"model": "thumbnail.thumbnail", "pk": 47, "fields": {"content_type": 27, "object_id": 10, "type": "lg", "width": 308, "height": 400, "media": "10/lg/images.175008.019947.invincibles_2.jpg", "timestamp": "2025-12-28T18:27:34.490Z"}}, {"model": "thumbnail.thumbnail", "pk": 48, "fields": {"content_type": 27, "object_id": 10, "type": "md", "width": 154, "height": 200, "media": "10/md/images.175008.019947.invincibles_2.jpg", "timestamp": "2025-12-28T18:27:34.604Z"}}, {"model": "thumbnail.thumbnail", "pk": 49, "fields": {"content_type": 27, "object_id": 10, "type": "sm", "width": 116, "height": 150, "media": "10/sm/images.175008.019947.invincibles_2.jpg", "timestamp": "2025-12-28T18:27:34.639Z"}}, {"model": "thumbnail.thumbnail", "pk": 50, "fields": {"content_type": 27, "object_id": 10, "type": "xs", "width": 31, "height": 40, "media": "10/xs/images.175008.019947.invincibles_2.jpg", "timestamp": "2025-12-28T18:27:34.737Z"}}, {"model": "thumbnail.thumbnail", "pk": 51, "fields": {"content_type": 27, "object_id": 11, "type": "xl", "width": 598, "height": 600, "media": "11/xl/images.175008.019947.invincibles.jpg", "timestamp": "2025-12-28T18:27:54.736Z"}}, {"model": "thumbnail.thumbnail", "pk": 52, "fields": {"content_type": 27, "object_id": 11, "type": "lg", "width": 399, "height": 400, "media": "11/lg/images.175008.019947.invincibles.jpg", "timestamp": "2025-12-28T18:27:54.773Z"}}, {"model": "thumbnail.thumbnail", "pk": 53, "fields": {"content_type": 27, "object_id": 11, "type": "md", "width": 199, "height": 200, "media": "11/md/images.175008.019947.invincibles.jpg", "timestamp": "2025-12-28T18:27:54.888Z"}}, {"model": "thumbnail.thumbnail", "pk": 54, "fields": {"content_type": 27, "object_id": 11, "type": "sm", "width": 150, "height": 150, "media": "11/sm/images.175008.019947.invincibles.jpg", "timestamp": "2025-12-28T18:27:54.912Z"}}, {"model": "thumbnail.thumbnail", "pk": 55, "fields": {"content_type": 27, "object_id": 11, "type": "xs", "width": 40, "height": 40, "media": "11/xs/images.175008.019947.invincibles.jpg", "timestamp": "2025-12-28T18:27:54.933Z"}}, {"model": "thumbnail.thumbnail", "pk": 56, "fields": {"content_type": 27, "object_id": 12, "type": "xl", "width": 424, "height": 600, "media": "12/xl/images.175008.019947.The_wenger_boys.jpg", "timestamp": "2025-12-28T18:28:18.800Z"}}, {"model": "thumbnail.thumbnail", "pk": 57, "fields": {"content_type": 27, "object_id": 12, "type": "lg", "width": 283, "height": 400, "media": "12/lg/images.175008.019947.The_wenger_boys.jpg", "timestamp": "2025-12-28T18:28:19.426Z"}}, {"model": "thumbnail.thumbnail", "pk": 58, "fields": {"content_type": 27, "object_id": 12, "type": "md", "width": 141, "height": 200, "media": "12/md/images.175008.019947.The_wenger_boys.jpg", "timestamp": "2025-12-28T18:28:19.455Z"}}, {"model": "thumbnail.thumbnail", "pk": 59, "fields": {"content_type": 27, "object_id": 12, "type": "sm", "width": 106, "height": 150, "media": "12/sm/images.175008.019947.The_wenger_boys.jpg", "timestamp": "2025-12-28T18:28:19.601Z"}}, {"model": "thumbnail.thumbnail", "pk": 60, "fields": {"content_type": 27, "object_id": 12, "type": "xs", "width": 28, "height": 40, "media": "12/xs/images.175008.019947.The_wenger_boys.jpg", "timestamp": "2025-12-28T18:28:19.769Z"}}, {"model": "thumbnail.thumbnail", "pk": 61, "fields": {"content_type": 27, "object_id": 13, "type": "xl", "width": 403, "height": 600, "media": "13/xl/images.175008.019947.0eaea6485f8512a7b52e03dc88dbf356.jpg", "timestamp": "2025-12-28T18:30:57.669Z"}}, {"model": "thumbnail.thumbnail", "pk": 62, "fields": {"content_type": 27, "object_id": 13, "type": "lg", "width": 269, "height": 400, "media": "13/lg/images.175008.019947.0eaea6485f8512a7b52e03dc88dbf356.jpg", "timestamp": "2025-12-28T18:30:57.712Z"}}, {"model": "thumbnail.thumbnail", "pk": 63, "fields": {"content_type": 27, "object_id": 13, "type": "md", "width": 134, "height": 200, "media": "13/md/images.175008.019947.0eaea6485f8512a7b52e03dc88dbf356.jpg", "timestamp": "2025-12-28T18:30:57.743Z"}}, {"model": "thumbnail.thumbnail", "pk": 64, "fields": {"content_type": 27, "object_id": 13, "type": "sm", "width": 101, "height": 150, "media": "13/sm/images.175008.019947.0eaea6485f8512a7b52e03dc88dbf356.jpg", "timestamp": "2025-12-28T18:30:57.908Z"}}, {"model": "thumbnail.thumbnail", "pk": 65, "fields": {"content_type": 27, "object_id": 13, "type": "xs", "width": 27, "height": 40, "media": "13/xs/images.175008.019947.0eaea6485f8512a7b52e03dc88dbf356.jpg", "timestamp": "2025-12-28T18:30:57.928Z"}}, {"model": "thumbnail.thumbnail", "pk": 66, "fields": {"content_type": 27, "object_id": 14, "type": "xl", "width": 424, "height": 600, "media": "14/xl/images.175008.019947.zidane_volley.jpg", "timestamp": "2025-12-28T18:34:00.623Z"}}, {"model": "thumbnail.thumbnail", "pk": 67, "fields": {"content_type": 27, "object_id": 14, "type": "lg", "width": 283, "height": 400, "media": "14/lg/images.175008.019947.zidane_volley.jpg", "timestamp": "2025-12-28T18:34:00.655Z"}}, {"model": "thumbnail.thumbnail", "pk": 68, "fields": {"content_type": 27, "object_id": 14, "type": "md", "width": 141, "height": 200, "media": "14/md/images.175008.019947.zidane_volley.jpg", "timestamp": "2025-12-28T18:34:00.696Z"}}, {"model": "thumbnail.thumbnail", "pk": 69, "fields": {"content_type": 27, "object_id": 14, "type": "sm", "width": 106, "height": 150, "media": "14/sm/images.175008.019947.zidane_volley.jpg", "timestamp": "2025-12-28T18:34:00.717Z"}}, {"model": "thumbnail.thumbnail", "pk": 70, "fields": {"content_type": 27, "object_id": 14, "type": "xs", "width": 28, "height": 40, "media": "14/xs/images.175008.019947.zidane_volley.jpg", "timestamp": "2025-12-28T18:34:00.762Z"}}, {"model": "thumbnail.thumbnail", "pk": 71, "fields": {"content_type": 27, "object_id": 15, "type": "xl", "width": 337, "height": 600, "media": "15/xl/images.175008.019947.zidane_volley_2.jpg", "timestamp": "2025-12-28T18:34:16.339Z"}}, {"model": "thumbnail.thumbnail", "pk": 72, "fields": {"content_type": 27, "object_id": 15, "type": "lg", "width": 225, "height": 400, "media": "15/lg/images.175008.019947.zidane_volley_2.jpg", "timestamp": "2025-12-28T18:34:16.513Z"}}, {"model": "thumbnail.thumbnail", "pk": 73, "fields": {"content_type": 27, "object_id": 15, "type": "md", "width": 112, "height": 200, "media": "15/md/images.175008.019947.zidane_volley_2.jpg", "timestamp": "2025-12-28T18:34:16.681Z"}}, {"model": "thumbnail.thumbnail", "pk": 74, "fields": {"content_type": 27, "object_id": 15, "type": "sm", "width": 84, "height": 150, "media": "15/sm/images.175008.019947.zidane_volley_2.jpg", "timestamp": "2025-12-28T18:34:16.704Z"}}, {"model": "thumbnail.thumbnail", "pk": 75, "fields": {"content_type": 27, "object_id": 15, "type": "xs", "width": 22, "height": 40, "media": "15/xs/images.175008.019947.zidane_volley_2.jpg", "timestamp": "2025-12-28T18:34:16.724Z"}}, {"model": "thumbnail.thumbnail", "pk": 76, "fields": {"content_type": 27, "object_id": 16, "type": "xl", "width": 480, "height": 600, "media": "16/xl/images.175008.019947.Agueroo.jpg", "timestamp": "2025-12-28T18:39:21.081Z"}}, {"model": "thumbnail.thumbnail", "pk": 77, "fields": {"content_type": 27, "object_id": 16, "type": "lg", "width": 320, "height": 400, "media": "16/lg/images.175008.019947.Agueroo.jpg", "timestamp": "2025-12-28T18:39:21.112Z"}}, {"model": "thumbnail.thumbnail", "pk": 78, "fields": {"content_type": 27, "object_id": 16, "type": "md", "width": 160, "height": 200, "media": "16/md/images.175008.019947.Agueroo.jpg", "timestamp": "2025-12-28T18:39:21.228Z"}}, {"model": "thumbnail.thumbnail", "pk": 79, "fields": {"content_type": 27, "object_id": 16, "type": "sm", "width": 120, "height": 150, "media": "16/sm/images.175008.019947.Agueroo.jpg", "timestamp": "2025-12-28T18:39:21.381Z"}}, {"model": "thumbnail.thumbnail", "pk": 80, "fields": {"content_type": 27, "object_id": 16, "type": "xs", "width": 32, "height": 40, "media": "16/xs/images.175008.019947.Agueroo.jpg", "timestamp": "2025-12-28T18:39:21.400Z"}}, {"model": "thumbnail.thumbnail", "pk": 81, "fields": {"content_type": 27, "object_id": 17, "type": "xl", "width": 479, "height": 600, "media": "17/xl/images.175008.019947.f75bd30f3eef7829777f3c41695f2a52.jpg", "timestamp": "2025-12-28T18:40:06.518Z"}}, {"model": "thumbnail.thumbnail", "pk": 82, "fields": {"content_type": 27, "object_id": 17, "type": "lg", "width": 319, "height": 400, "media": "17/lg/images.175008.019947.f75bd30f3eef7829777f3c41695f2a52.jpg", "timestamp": "2025-12-28T18:40:06.663Z"}}, {"model": "thumbnail.thumbnail", "pk": 83, "fields": {"content_type": 27, "object_id": 17, "type": "md", "width": 160, "height": 200, "media": "17/md/images.175008.019947.f75bd30f3eef7829777f3c41695f2a52.jpg", "timestamp": "2025-12-28T18:40:06.807Z"}}, {"model": "thumbnail.thumbnail", "pk": 84, "fields": {"content_type": 27, "object_id": 17, "type": "sm", "width": 120, "height": 150, "media": "17/sm/images.175008.019947.f75bd30f3eef7829777f3c41695f2a52.jpg", "timestamp": "2025-12-28T18:40:06.835Z"}}, {"model": "thumbnail.thumbnail", "pk": 85, "fields": {"content_type": 27, "object_id": 17, "type": "xs", "width": 32, "height": 40, "media": "17/xs/images.175008.019947.f75bd30f3eef7829777f3c41695f2a52.jpg", "timestamp": "2025-12-28T18:40:06.982Z"}}, {"model": "thumbnail.thumbnail", "pk": 86, "fields": {"content_type": 27, "object_id": 18, "type": "xl", "width": 480, "height": 600, "media": "18/xl/images.175008.019947.183c6f7100a7188d69940683491c9eb2.jpg", "timestamp": "2025-12-28T18:41:24.829Z"}}, {"model": "thumbnail.thumbnail", "pk": 87, "fields": {"content_type": 27, "object_id": 18, "type": "lg", "width": 320, "height": 400, "media": "18/lg/images.175008.019947.183c6f7100a7188d69940683491c9eb2.jpg", "timestamp": "2025-12-28T18:41:24.968Z"}}, {"model": "thumbnail.thumbnail", "pk": 88, "fields": {"content_type": 27, "object_id": 18, "type": "md", "width": 160, "height": 200, "media": "18/md/images.175008.019947.183c6f7100a7188d69940683491c9eb2.jpg", "timestamp": "2025-12-28T18:41:24.996Z"}}, {"model": "thumbnail.thumbnail", "pk": 89, "fields": {"content_type": 27, "object_id": 18, "type": "sm", "width": 120, "height": 150, "media": "18/sm/images.175008.019947.183c6f7100a7188d69940683491c9eb2.jpg", "timestamp": "2025-12-28T18:41:25.120Z"}}, {"model": "thumbnail.thumbnail", "pk": 90, "fields": {"content_type": 27, "object_id": 18, "type": "xs", "width": 32, "height": 40, "media": "18/xs/images.175008.019947.183c6f7100a7188d69940683491c9eb2.jpg", "timestamp": "2025-12-28T18:41:25.139Z"}}, {"model": "thumbnail.thumbnail", "pk": 91, "fields": {"content_type": 27, "object_id": 19, "type": "xl", "width": 376, "height": 600, "media": "19/xl/images.175008.019947.e12104127bcaac9b62d296e163664959.jpg", "timestamp": "2025-12-28T18:41:43.952Z"}}, {"model": "thumbnail.thumbnail", "pk": 92, "fields": {"content_type": 27, "object_id": 19, "type": "lg", "width": 251, "height": 400, "media": "19/lg/images.175008.019947.e12104127bcaac9b62d296e163664959.jpg", "timestamp": "2025-12-28T18:41:44.007Z"}}, {"model": "thumbnail.thumbnail", "pk": 93, "fields": {"content_type": 27, "object_id": 19, "type": "md", "width": 125, "height": 200, "media": "19/md/images.175008.019947.e12104127bcaac9b62d296e163664959.jpg", "timestamp": "2025-12-28T18:41:44.155Z"}}, {"model": "thumbnail.thumbnail", "pk": 94, "fields": {"content_type": 27, "object_id": 19, "type": "sm", "width": 94, "height": 150, "media": "19/sm/images.175008.019947.e12104127bcaac9b62d296e163664959.jpg", "timestamp": "2025-12-28T18:41:44.179Z"}}, {"model": "thumbnail.thumbnail", "pk": 95, "fields": {"content_type": 27, "object_id": 19, "type": "xs", "width": 25, "height": 40, "media": "19/xs/images.175008.019947.e12104127bcaac9b62d296e163664959.jpg", "timestamp": "2025-12-28T18:41:44.300Z"}}, {"model": "thumbnail.thumbnail", "pk": 96, "fields": {"content_type": 27, "object_id": 20, "type": "xl", "width": 307, "height": 600, "media": "20/xl/images.175008.019947.Il_Capitano.jpg", "timestamp": "2025-12-28T18:42:03.301Z"}}, {"model": "thumbnail.thumbnail", "pk": 97, "fields": {"content_type": 27, "object_id": 20, "type": "lg", "width": 205, "height": 400, "media": "20/lg/images.175008.019947.Il_Capitano.jpg", "timestamp": "2025-12-28T18:42:03.335Z"}}, {"model": "thumbnail.thumbnail", "pk": 98, "fields": {"content_type": 27, "object_id": 20, "type": "md", "width": 102, "height": 200, "media": "20/md/images.175008.019947.Il_Capitano.jpg", "timestamp": "2025-12-28T18:42:03.494Z"}}, {"model": "thumbnail.thumbnail", "pk": 99, "fields": {"content_type": 27, "object_id": 20, "type": "sm", "width": 77, "height": 150, "media": "20/sm/images.175008.019947.Il_Capitano.jpg", "timestamp": "2025-12-28T18:42:03.514Z"}}, {"model": "thumbnail.thumbnail", "pk": 100, "fields": {"content_type": 27, "object_id": 20, "type": "xs", "width": 20, "height": 40, "media": "20/xs/images.175008.019947.Il_Capitano.jpg", "timestamp": "2025-12-28T18:42:03.643Z"}}, {"model": "thumbnail.thumbnail", "pk": 101, "fields": {"content_type": 27, "object_id": 21, "type": "xl", "width": 405, "height": 600, "media": "21/xl/images.175008.019947.2f274e6d99e42726070d729b1e45048f.jpg", "timestamp": "2025-12-28T18:44:32.703Z"}}, {"model": "thumbnail.thumbnail", "pk": 102, "fields": {"content_type": 27, "object_id": 21, "type": "lg", "width": 270, "height": 400, "media": "21/lg/images.175008.019947.2f274e6d99e42726070d729b1e45048f.jpg", "timestamp": "2025-12-28T18:44:32.749Z"}}, {"model": "thumbnail.thumbnail", "pk": 103, "fields": {"content_type": 27, "object_id": 21, "type": "md", "width": 135, "height": 200, "media": "21/md/images.175008.019947.2f274e6d99e42726070d729b1e45048f.jpg", "timestamp": "2025-12-28T18:44:32.787Z"}}, {"model": "thumbnail.thumbnail", "pk": 104, "fields": {"content_type": 27, "object_id": 21, "type": "sm", "width": 101, "height": 150, "media": "21/sm/images.175008.019947.2f274e6d99e42726070d729b1e45048f.jpg", "timestamp": "2025-12-28T18:44:32.814Z"}}, {"model": "thumbnail.thumbnail", "pk": 105, "fields": {"content_type": 27, "object_id": 21, "type": "xs", "width": 27, "height": 40, "media": "21/xs/images.175008.019947.2f274e6d99e42726070d729b1e45048f.jpg", "timestamp": "2025-12-28T18:44:32.844Z"}}, {"model": "thumbnail.thumbnail", "pk": 106, "fields": {"content_type": 27, "object_id": 22, "type": "xl", "width": 338, "height": 600, "media": "22/xl/images.175008.019947.2fd726e44073759f79b7cbf2f9cf42dd.jpg", "timestamp": "2025-12-28T18:44:46.544Z"}}, {"model": "thumbnail.thumbnail", "pk": 107, "fields": {"content_type": 27, "object_id": 22, "type": "lg", "width": 225, "height": 400, "media": "22/lg/images.175008.019947.2fd726e44073759f79b7cbf2f9cf42dd.jpg", "timestamp": "2025-12-28T18:44:46.585Z"}}, {"model": "thumbnail.thumbnail", "pk": 108, "fields": {"content_type": 27, "object_id": 22, "type": "md", "width": 113, "height": 200, "media": "22/md/images.175008.019947.2fd726e44073759f79b7cbf2f9cf42dd.jpg", "timestamp": "2025-12-28T18:44:46.670Z"}}, {"model": "thumbnail.thumbnail", "pk": 109, "fields": {"content_type": 27, "object_id": 22, "type": "sm", "width": 84, "height": 150, "media": "22/sm/images.175008.019947.2fd726e44073759f79b7cbf2f9cf42dd.jpg", "timestamp": "2025-12-28T18:44:46.787Z"}}, {"model": "thumbnail.thumbnail", "pk": 110, "fields": {"content_type": 27, "object_id": 22, "type": "xs", "width": 23, "height": 40, "media": "22/xs/images.175008.019947.2fd726e44073759f79b7cbf2f9cf42dd.jpg", "timestamp": "2025-12-28T18:44:46.919Z"}}, {"model": "thumbnail.thumbnail", "pk": 111, "fields": {"content_type": 27, "object_id": 23, "type": "xl", "width": 449, "height": 600, "media": "23/xl/images.175008.019947.72f77632c09339fa21de09970c3aaecd.jpg", "timestamp": "2025-12-28T18:45:09.912Z"}}, {"model": "thumbnail.thumbnail", "pk": 112, "fields": {"content_type": 27, "object_id": 23, "type": "lg", "width": 300, "height": 400, "media": "23/lg/images.175008.019947.72f77632c09339fa21de09970c3aaecd.jpg", "timestamp": "2025-12-28T18:45:09.937Z"}}, {"model": "thumbnail.thumbnail", "pk": 113, "fields": {"content_type": 27, "object_id": 23, "type": "md", "width": 150, "height": 200, "media": "23/md/images.175008.019947.72f77632c09339fa21de09970c3aaecd.jpg", "timestamp": "2025-12-28T18:45:09.978Z"}}, {"model": "thumbnail.thumbnail", "pk": 114, "fields": {"content_type": 27, "object_id": 23, "type": "sm", "width": 112, "height": 150, "media": "23/sm/images.175008.019947.72f77632c09339fa21de09970c3aaecd.jpg", "timestamp": "2025-12-28T18:45:09.996Z"}}, {"model": "thumbnail.thumbnail", "pk": 115, "fields": {"content_type": 27, "object_id": 23, "type": "xs", "width": 30, "height": 40, "media": "23/xs/images.175008.019947.72f77632c09339fa21de09970c3aaecd.jpg", "timestamp": "2025-12-28T18:45:10.046Z"}}, {"model": "thumbnail.thumbnail", "pk": 116, "fields": {"content_type": 27, "object_id": 24, "type": "xl", "width": 338, "height": 600, "media": "24/xl/images.175008.019947.5ec2be8b1b14e4c14f60b22eb582dbbd_1.jpg", "timestamp": "2025-12-28T18:48:05.351Z"}}, {"model": "thumbnail.thumbnail", "pk": 117, "fields": {"content_type": 27, "object_id": 24, "type": "lg", "width": 225, "height": 400, "media": "24/lg/images.175008.019947.5ec2be8b1b14e4c14f60b22eb582dbbd_1.jpg", "timestamp": "2025-12-28T18:48:05.388Z"}}, {"model": "thumbnail.thumbnail", "pk": 118, "fields": {"content_type": 27, "object_id": 24, "type": "md", "width": 113, "height": 200, "media": "24/md/images.175008.019947.5ec2be8b1b14e4c14f60b22eb582dbbd_1.jpg", "timestamp": "2025-12-28T18:48:05.421Z"}}, {"model": "thumbnail.thumbnail", "pk": 119, "fields": {"content_type": 27, "object_id": 24, "type": "sm", "width": 84, "height": 150, "media": "24/sm/images.175008.019947.5ec2be8b1b14e4c14f60b22eb582dbbd_1.jpg", "timestamp": "2025-12-28T18:48:05.447Z"}}, {"model": "thumbnail.thumbnail", "pk": 120, "fields": {"content_type": 27, "object_id": 24, "type": "xs", "width": 23, "height": 40, "media": "24/xs/images.175008.019947.5ec2be8b1b14e4c14f60b22eb582dbbd_1.jpg", "timestamp": "2025-12-28T18:48:05.470Z"}}, {"model": "thumbnail.thumbnail", "pk": 121, "fields": {"content_type": 27, "object_id": 25, "type": "xl", "width": 480, "height": 600, "media": "25/xl/images.175008.019947.84b5f6fe9c0903362796381cc4e4ee5c.jpg", "timestamp": "2025-12-28T18:48:24.629Z"}}, {"model": "thumbnail.thumbnail", "pk": 122, "fields": {"content_type": 27, "object_id": 25, "type": "lg", "width": 320, "height": 400, "media": "25/lg/images.175008.019947.84b5f6fe9c0903362796381cc4e4ee5c.jpg", "timestamp": "2025-12-28T18:48:24.658Z"}}, {"model": "thumbnail.thumbnail", "pk": 123, "fields": {"content_type": 27, "object_id": 25, "type": "md", "width": 160, "height": 200, "media": "25/md/images.175008.019947.84b5f6fe9c0903362796381cc4e4ee5c.jpg", "timestamp": "2025-12-28T18:48:24.684Z"}}, {"model": "thumbnail.thumbnail", "pk": 124, "fields": {"content_type": 27, "object_id": 25, "type": "sm", "width": 120, "height": 150, "media": "25/sm/images.175008.019947.84b5f6fe9c0903362796381cc4e4ee5c.jpg", "timestamp": "2025-12-28T18:48:24.701Z"}}, {"model": "thumbnail.thumbnail", "pk": 125, "fields": {"content_type": 27, "object_id": 25, "type": "xs", "width": 32, "height": 40, "media": "25/xs/images.175008.019947.84b5f6fe9c0903362796381cc4e4ee5c.jpg", "timestamp": "2025-12-28T18:48:24.718Z"}}, {"model": "thumbnail.thumbnail", "pk": 126, "fields": {"content_type": 27, "object_id": 26, "type": "xl", "width": 424, "height": 600, "media": "26/xl/images.175008.019947.144f59884f30ce500b6f46d66f35f731.jpg", "timestamp": "2025-12-28T18:48:44.429Z"}}, {"model": "thumbnail.thumbnail", "pk": 127, "fields": {"content_type": 27, "object_id": 26, "type": "lg", "width": 283, "height": 400, "media": "26/lg/images.175008.019947.144f59884f30ce500b6f46d66f35f731.jpg", "timestamp": "2025-12-28T18:48:44.463Z"}}, {"model": "thumbnail.thumbnail", "pk": 128, "fields": {"content_type": 27, "object_id": 26, "type": "md", "width": 141, "height": 200, "media": "26/md/images.175008.019947.144f59884f30ce500b6f46d66f35f731.jpg", "timestamp": "2025-12-28T18:48:44.497Z"}}, {"model": "thumbnail.thumbnail", "pk": 129, "fields": {"content_type": 27, "object_id": 26, "type": "sm", "width": 106, "height": 150, "media": "26/sm/images.175008.019947.144f59884f30ce500b6f46d66f35f731.jpg", "timestamp": "2025-12-28T18:48:44.521Z"}}, {"model": "thumbnail.thumbnail", "pk": 130, "fields": {"content_type": 27, "object_id": 26, "type": "xs", "width": 28, "height": 40, "media": "26/xs/images.175008.019947.144f59884f30ce500b6f46d66f35f731.jpg", "timestamp": "2025-12-28T18:48:44.541Z"}}, {"model": "thumbnail.thumbnail", "pk": 131, "fields": {"content_type": 27, "object_id": 27, "type": "xl", "width": 400, "height": 600, "media": "27/xl/images.175008.019947.3ab8fcd7e4fd157c0fc01653ccac3dc9.jpg", "timestamp": "2025-12-28T18:52:39.999Z"}}, {"model": "thumbnail.thumbnail", "pk": 132, "fields": {"content_type": 27, "object_id": 27, "type": "lg", "width": 267, "height": 400, "media": "27/lg/images.175008.019947.3ab8fcd7e4fd157c0fc01653ccac3dc9.jpg", "timestamp": "2025-12-28T18:52:40.041Z"}}, {"model": "thumbnail.thumbnail", "pk": 133, "fields": {"content_type": 27, "object_id": 27, "type": "md", "width": 133, "height": 200, "media": "27/md/images.175008.019947.3ab8fcd7e4fd157c0fc01653ccac3dc9.jpg", "timestamp": "2025-12-28T18:52:40.079Z"}}, {"model": "thumbnail.thumbnail", "pk": 134, "fields": {"content_type": 27, "object_id": 27, "type": "sm", "width": 100, "height": 150, "media": "27/sm/images.175008.019947.3ab8fcd7e4fd157c0fc01653ccac3dc9.jpg", "timestamp": "2025-12-28T18:52:40.109Z"}}, {"model": "thumbnail.thumbnail", "pk": 135, "fields": {"content_type": 27, "object_id": 27, "type": "xs", "width": 27, "height": 40, "media": "27/xs/images.175008.019947.3ab8fcd7e4fd157c0fc01653ccac3dc9.jpg", "timestamp": "2025-12-28T18:52:40.132Z"}}, {"model": "thumbnail.thumbnail", "pk": 136, "fields": {"content_type": 27, "object_id": 28, "type": "xl", "width": 469, "height": 600, "media": "28/xl/images.175008.019947.784e398c3f84c7655a3a2c84e3854e93.jpg", "timestamp": "2025-12-28T18:52:50.869Z"}}, {"model": "thumbnail.thumbnail", "pk": 137, "fields": {"content_type": 27, "object_id": 28, "type": "lg", "width": 313, "height": 400, "media": "28/lg/images.175008.019947.784e398c3f84c7655a3a2c84e3854e93.jpg", "timestamp": "2025-12-28T18:52:50.912Z"}}, {"model": "thumbnail.thumbnail", "pk": 138, "fields": {"content_type": 27, "object_id": 28, "type": "md", "width": 156, "height": 200, "media": "28/md/images.175008.019947.784e398c3f84c7655a3a2c84e3854e93.jpg", "timestamp": "2025-12-28T18:52:50.948Z"}}, {"model": "thumbnail.thumbnail", "pk": 139, "fields": {"content_type": 27, "object_id": 28, "type": "sm", "width": 117, "height": 150, "media": "28/sm/images.175008.019947.784e398c3f84c7655a3a2c84e3854e93.jpg", "timestamp": "2025-12-28T18:52:50.975Z"}}, {"model": "thumbnail.thumbnail", "pk": 140, "fields": {"content_type": 27, "object_id": 28, "type": "xs", "width": 31, "height": 40, "media": "28/xs/images.175008.019947.784e398c3f84c7655a3a2c84e3854e93.jpg", "timestamp": "2025-12-28T18:52:51.027Z"}}, {"model": "thumbnail.thumbnail", "pk": 141, "fields": {"content_type": 27, "object_id": 29, "type": "xl", "width": 472, "height": 600, "media": "29/xl/images.175008.019947.boca_river.jpg", "timestamp": "2025-12-28T18:53:07.245Z"}}, {"model": "thumbnail.thumbnail", "pk": 142, "fields": {"content_type": 27, "object_id": 29, "type": "lg", "width": 315, "height": 400, "media": "29/lg/images.175008.019947.boca_river.jpg", "timestamp": "2025-12-28T18:53:07.288Z"}}, {"model": "thumbnail.thumbnail", "pk": 143, "fields": {"content_type": 27, "object_id": 29, "type": "md", "width": 157, "height": 200, "media": "29/md/images.175008.019947.boca_river.jpg", "timestamp": "2025-12-28T18:53:07.323Z"}}, {"model": "thumbnail.thumbnail", "pk": 144, "fields": {"content_type": 27, "object_id": 29, "type": "sm", "width": 118, "height": 150, "media": "29/sm/images.175008.019947.boca_river.jpg", "timestamp": "2025-12-28T18:53:07.347Z"}}, {"model": "thumbnail.thumbnail", "pk": 145, "fields": {"content_type": 27, "object_id": 29, "type": "xs", "width": 31, "height": 40, "media": "29/xs/images.175008.019947.boca_river.jpg", "timestamp": "2025-12-28T18:53:07.370Z"}}, {"model": "thumbnail.thumbnail", "pk": 146, "fields": {"content_type": 27, "object_id": 30, "type": "xl", "width": 450, "height": 600, "media": "30/xl/images.175008.019947.superclassico.jpg", "timestamp": "2025-12-28T18:53:31.572Z"}}, {"model": "thumbnail.thumbnail", "pk": 147, "fields": {"content_type": 27, "object_id": 30, "type": "lg", "width": 300, "height": 400, "media": "30/lg/images.175008.019947.superclassico.jpg", "timestamp": "2025-12-28T18:53:31.613Z"}}, {"model": "thumbnail.thumbnail", "pk": 148, "fields": {"content_type": 27, "object_id": 30, "type": "md", "width": 150, "height": 200, "media": "30/md/images.175008.019947.superclassico.jpg", "timestamp": "2025-12-28T18:53:31.642Z"}}, {"model": "thumbnail.thumbnail", "pk": 149, "fields": {"content_type": 27, "object_id": 30, "type": "sm", "width": 113, "height": 150, "media": "30/sm/images.175008.019947.superclassico.jpg", "timestamp": "2025-12-28T18:53:31.670Z"}}, {"model": "thumbnail.thumbnail", "pk": 150, "fields": {"content_type": 27, "object_id": 30, "type": "xs", "width": 30, "height": 40, "media": "30/xs/images.175008.019947.superclassico.jpg", "timestamp": "2025-12-28T18:53:31.694Z"}}, {"model": "thumbnail.thumbnail", "pk": 151, "fields": {"content_type": 27, "object_id": 31, "type": "xl", "width": 337, "height": 600, "media": "31/xl/images.175008.019947.99f5d76e09d5ef8bbb5152648214a566.jpg", "timestamp": "2025-12-28T18:57:55.285Z"}}, {"model": "thumbnail.thumbnail", "pk": 152, "fields": {"content_type": 27, "object_id": 31, "type": "lg", "width": 225, "height": 400, "media": "31/lg/images.175008.019947.99f5d76e09d5ef8bbb5152648214a566.jpg", "timestamp": "2025-12-28T18:57:55.310Z"}}, {"model": "thumbnail.thumbnail", "pk": 153, "fields": {"content_type": 27, "object_id": 31, "type": "md", "width": 112, "height": 200, "media": "31/md/images.175008.019947.99f5d76e09d5ef8bbb5152648214a566.jpg", "timestamp": "2025-12-28T18:57:55.333Z"}}, {"model": "thumbnail.thumbnail", "pk": 154, "fields": {"content_type": 27, "object_id": 31, "type": "sm", "width": 84, "height": 150, "media": "31/sm/images.175008.019947.99f5d76e09d5ef8bbb5152648214a566.jpg", "timestamp": "2025-12-28T18:57:55.352Z"}}, {"model": "thumbnail.thumbnail", "pk": 155, "fields": {"content_type": 27, "object_id": 31, "type": "xs", "width": 22, "height": 40, "media": "31/xs/images.175008.019947.99f5d76e09d5ef8bbb5152648214a566.jpg", "timestamp": "2025-12-28T18:57:55.367Z"}}, {"model": "thumbnail.thumbnail", "pk": 156, "fields": {"content_type": 27, "object_id": 32, "type": "xl", "width": 411, "height": 594, "media": "32/xl/images.175008.019947.23572446f43bb7b4a93095bf9244a5ad.jpg", "timestamp": "2025-12-28T18:58:06.721Z"}}, {"model": "thumbnail.thumbnail", "pk": 157, "fields": {"content_type": 27, "object_id": 32, "type": "lg", "width": 277, "height": 400, "media": "32/lg/images.175008.019947.23572446f43bb7b4a93095bf9244a5ad.jpg", "timestamp": "2025-12-28T18:58:06.738Z"}}, {"model": "thumbnail.thumbnail", "pk": 158, "fields": {"content_type": 27, "object_id": 32, "type": "md", "width": 138, "height": 200, "media": "32/md/images.175008.019947.23572446f43bb7b4a93095bf9244a5ad.jpg", "timestamp": "2025-12-28T18:58:06.759Z"}}, {"model": "thumbnail.thumbnail", "pk": 159, "fields": {"content_type": 27, "object_id": 32, "type": "sm", "width": 104, "height": 150, "media": "32/sm/images.175008.019947.23572446f43bb7b4a93095bf9244a5ad.jpg", "timestamp": "2025-12-28T18:58:06.779Z"}}, {"model": "thumbnail.thumbnail", "pk": 160, "fields": {"content_type": 27, "object_id": 32, "type": "xs", "width": 28, "height": 40, "media": "32/xs/images.175008.019947.23572446f43bb7b4a93095bf9244a5ad.jpg", "timestamp": "2025-12-28T18:58:06.799Z"}}, {"model": "thumbnail.thumbnail", "pk": 161, "fields": {"content_type": 27, "object_id": 33, "type": "xl", "width": 429, "height": 600, "media": "33/xl/images.175008.019947.pep.jpg", "timestamp": "2025-12-28T18:58:32.128Z"}}, {"model": "thumbnail.thumbnail", "pk": 162, "fields": {"content_type": 27, "object_id": 33, "type": "lg", "width": 286, "height": 400, "media": "33/lg/images.175008.019947.pep.jpg", "timestamp": "2025-12-28T18:58:32.163Z"}}, {"model": "thumbnail.thumbnail", "pk": 163, "fields": {"content_type": 27, "object_id": 33, "type": "md", "width": 143, "height": 200, "media": "33/md/images.175008.019947.pep.jpg", "timestamp": "2025-12-28T18:58:32.199Z"}}, {"model": "thumbnail.thumbnail", "pk": 164, "fields": {"content_type": 27, "object_id": 33, "type": "sm", "width": 107, "height": 150, "media": "33/sm/images.175008.019947.pep.jpg", "timestamp": "2025-12-28T18:58:32.220Z"}}, {"model": "thumbnail.thumbnail", "pk": 165, "fields": {"content_type": 27, "object_id": 33, "type": "xs", "width": 29, "height": 40, "media": "33/xs/images.175008.019947.pep.jpg", "timestamp": "2025-12-28T18:58:32.246Z"}}, {"model": "thumbnail.thumbnail", "pk": 166, "fields": {"content_type": 27, "object_id": 34, "type": "xl", "width": 600, "height": 600, "media": "34/xl/images.175008.019947.d584b56dbb1036cfac6f4c3503dd29f0.jpg", "timestamp": "2025-12-28T18:59:04.808Z"}}, {"model": "thumbnail.thumbnail", "pk": 167, "fields": {"content_type": 27, "object_id": 34, "type": "lg", "width": 400, "height": 400, "media": "34/lg/images.175008.019947.d584b56dbb1036cfac6f4c3503dd29f0.jpg", "timestamp": "2025-12-28T18:59:04.847Z"}}, {"model": "thumbnail.thumbnail", "pk": 168, "fields": {"content_type": 27, "object_id": 34, "type": "md", "width": 200, "height": 200, "media": "34/md/images.175008.019947.d584b56dbb1036cfac6f4c3503dd29f0.jpg", "timestamp": "2025-12-28T18:59:04.879Z"}}, {"model": "thumbnail.thumbnail", "pk": 169, "fields": {"content_type": 27, "object_id": 34, "type": "sm", "width": 150, "height": 150, "media": "34/sm/images.175008.019947.d584b56dbb1036cfac6f4c3503dd29f0.jpg", "timestamp": "2025-12-28T18:59:04.900Z"}}, {"model": "thumbnail.thumbnail", "pk": 170, "fields": {"content_type": 27, "object_id": 34, "type": "xs", "width": 40, "height": 40, "media": "34/xs/images.175008.019947.d584b56dbb1036cfac6f4c3503dd29f0.jpg", "timestamp": "2025-12-28T18:59:04.921Z"}}, {"model": "thumbnail.thumbnail", "pk": 171, "fields": {"content_type": 27, "object_id": 35, "type": "xl", "width": 600, "height": 598, "media": "35/xl/images.175008.019947.f62381cbab0e4cfbcd0c1483afd9bf9a.jpg", "timestamp": "2025-12-28T18:59:19.864Z"}}, {"model": "thumbnail.thumbnail", "pk": 172, "fields": {"content_type": 27, "object_id": 35, "type": "lg", "width": 400, "height": 398, "media": "35/lg/images.175008.019947.f62381cbab0e4cfbcd0c1483afd9bf9a.jpg", "timestamp": "2025-12-28T18:59:19.890Z"}}, {"model": "thumbnail.thumbnail", "pk": 173, "fields": {"content_type": 27, "object_id": 35, "type": "md", "width": 200, "height": 199, "media": "35/md/images.175008.019947.f62381cbab0e4cfbcd0c1483afd9bf9a.jpg", "timestamp": "2025-12-28T18:59:19.915Z"}}, {"model": "thumbnail.thumbnail", "pk": 174, "fields": {"content_type": 27, "object_id": 35, "type": "sm", "width": 150, "height": 149, "media": "35/sm/images.175008.019947.f62381cbab0e4cfbcd0c1483afd9bf9a.jpg", "timestamp": "2025-12-28T18:59:19.934Z"}}, {"model": "thumbnail.thumbnail", "pk": 175, "fields": {"content_type": 27, "object_id": 35, "type": "xs", "width": 40, "height": 40, "media": "35/xs/images.175008.019947.f62381cbab0e4cfbcd0c1483afd9bf9a.jpg", "timestamp": "2025-12-28T18:59:19.948Z"}}, {"model": "thumbnail.thumbnail", "pk": 176, "fields": {"content_type": 27, "object_id": 36, "type": "xl", "width": 338, "height": 600, "media": "36/xl/images.175008.019947.3f41ee6a38024c98e9f72377e38091d0.jpg", "timestamp": "2025-12-28T19:08:34.176Z"}}, {"model": "thumbnail.thumbnail", "pk": 177, "fields": {"content_type": 27, "object_id": 36, "type": "lg", "width": 225, "height": 400, "media": "36/lg/images.175008.019947.3f41ee6a38024c98e9f72377e38091d0.jpg", "timestamp": "2025-12-28T19:08:34.204Z"}}, {"model": "thumbnail.thumbnail", "pk": 178, "fields": {"content_type": 27, "object_id": 36, "type": "md", "width": 113, "height": 200, "media": "36/md/images.175008.019947.3f41ee6a38024c98e9f72377e38091d0.jpg", "timestamp": "2025-12-28T19:08:34.234Z"}}, {"model": "thumbnail.thumbnail", "pk": 179, "fields": {"content_type": 27, "object_id": 36, "type": "sm", "width": 84, "height": 150, "media": "36/sm/images.175008.019947.3f41ee6a38024c98e9f72377e38091d0.jpg", "timestamp": "2025-12-28T19:08:34.252Z"}}, {"model": "thumbnail.thumbnail", "pk": 180, "fields": {"content_type": 27, "object_id": 36, "type": "xs", "width": 23, "height": 40, "media": "36/xs/images.175008.019947.3f41ee6a38024c98e9f72377e38091d0.jpg", "timestamp": "2025-12-28T19:08:34.266Z"}}, {"model": "thumbnail.thumbnail", "pk": 181, "fields": {"content_type": 27, "object_id": 37, "type": "xl", "width": 424, "height": 600, "media": "37/xl/images.175008.019947.22b34dd809be08efd6f773867b028e0a_1.jpg", "timestamp": "2025-12-28T19:08:56.138Z"}}, {"model": "thumbnail.thumbnail", "pk": 182, "fields": {"content_type": 27, "object_id": 37, "type": "lg", "width": 283, "height": 400, "media": "37/lg/images.175008.019947.22b34dd809be08efd6f773867b028e0a_1.jpg", "timestamp": "2025-12-28T19:08:56.165Z"}}, {"model": "thumbnail.thumbnail", "pk": 183, "fields": {"content_type": 27, "object_id": 37, "type": "md", "width": 141, "height": 200, "media": "37/md/images.175008.019947.22b34dd809be08efd6f773867b028e0a_1.jpg", "timestamp": "2025-12-28T19:08:56.192Z"}}, {"model": "thumbnail.thumbnail", "pk": 184, "fields": {"content_type": 27, "object_id": 37, "type": "sm", "width": 106, "height": 150, "media": "37/sm/images.175008.019947.22b34dd809be08efd6f773867b028e0a_1.jpg", "timestamp": "2025-12-28T19:08:56.210Z"}}, {"model": "thumbnail.thumbnail", "pk": 185, "fields": {"content_type": 27, "object_id": 37, "type": "xs", "width": 28, "height": 40, "media": "37/xs/images.175008.019947.22b34dd809be08efd6f773867b028e0a_1.jpg", "timestamp": "2025-12-28T19:08:56.221Z"}}, {"model": "thumbnail.thumbnail", "pk": 186, "fields": {"content_type": 27, "object_id": 38, "type": "xl", "width": 400, "height": 600, "media": "38/xl/images.175008.019947.514fe003ae992c293ecf0b8c802a6afb.jpg", "timestamp": "2025-12-28T19:09:21.107Z"}}, {"model": "thumbnail.thumbnail", "pk": 187, "fields": {"content_type": 27, "object_id": 38, "type": "lg", "width": 267, "height": 400, "media": "38/lg/images.175008.019947.514fe003ae992c293ecf0b8c802a6afb.jpg", "timestamp": "2025-12-28T19:09:21.134Z"}}, {"model": "thumbnail.thumbnail", "pk": 188, "fields": {"content_type": 27, "object_id": 38, "type": "md", "width": 133, "height": 200, "media": "38/md/images.175008.019947.514fe003ae992c293ecf0b8c802a6afb.jpg", "timestamp": "2025-12-28T19:09:21.159Z"}}, {"model": "thumbnail.thumbnail", "pk": 189, "fields": {"content_type": 27, "object_id": 38, "type": "sm", "width": 100, "height": 150, "media": "38/sm/images.175008.019947.514fe003ae992c293ecf0b8c802a6afb.jpg", "timestamp": "2025-12-28T19:09:21.177Z"}}, {"model": "thumbnail.thumbnail", "pk": 190, "fields": {"content_type": 27, "object_id": 38, "type": "xs", "width": 27, "height": 40, "media": "38/xs/images.175008.019947.514fe003ae992c293ecf0b8c802a6afb.jpg", "timestamp": "2025-12-28T19:09:21.194Z"}}, {"model": "thumbnail.thumbnail", "pk": 191, "fields": {"content_type": 27, "object_id": 39, "type": "xl", "width": 454, "height": 600, "media": "39/xl/images.175008.019947.556bd05c9da16bfa16069157f703b9af.jpg", "timestamp": "2025-12-28T19:09:37.591Z"}}, {"model": "thumbnail.thumbnail", "pk": 192, "fields": {"content_type": 27, "object_id": 39, "type": "lg", "width": 303, "height": 400, "media": "39/lg/images.175008.019947.556bd05c9da16bfa16069157f703b9af.jpg", "timestamp": "2025-12-28T19:09:37.624Z"}}, {"model": "thumbnail.thumbnail", "pk": 193, "fields": {"content_type": 27, "object_id": 39, "type": "md", "width": 151, "height": 200, "media": "39/md/images.175008.019947.556bd05c9da16bfa16069157f703b9af.jpg", "timestamp": "2025-12-28T19:09:37.653Z"}}, {"model": "thumbnail.thumbnail", "pk": 194, "fields": {"content_type": 27, "object_id": 39, "type": "sm", "width": 113, "height": 150, "media": "39/sm/images.175008.019947.556bd05c9da16bfa16069157f703b9af.jpg", "timestamp": "2025-12-28T19:09:37.674Z"}}, {"model": "thumbnail.thumbnail", "pk": 195, "fields": {"content_type": 27, "object_id": 39, "type": "xs", "width": 30, "height": 40, "media": "39/xs/images.175008.019947.556bd05c9da16bfa16069157f703b9af.jpg", "timestamp": "2025-12-28T19:09:37.694Z"}}, {"model": "thumbnail.thumbnail", "pk": 196, "fields": {"content_type": 27, "object_id": 40, "type": "xl", "width": 338, "height": 600, "media": "40/xl/images.175008.019947.cb6a088c6cf28079ada484afae60df3b.jpg", "timestamp": "2025-12-28T19:10:19.260Z"}}, {"model": "thumbnail.thumbnail", "pk": 197, "fields": {"content_type": 27, "object_id": 40, "type": "lg", "width": 225, "height": 400, "media": "40/lg/images.175008.019947.cb6a088c6cf28079ada484afae60df3b.jpg", "timestamp": "2025-12-28T19:10:19.293Z"}}, {"model": "thumbnail.thumbnail", "pk": 198, "fields": {"content_type": 27, "object_id": 40, "type": "md", "width": 113, "height": 200, "media": "40/md/images.175008.019947.cb6a088c6cf28079ada484afae60df3b.jpg", "timestamp": "2025-12-28T19:10:19.319Z"}}, {"model": "thumbnail.thumbnail", "pk": 199, "fields": {"content_type": 27, "object_id": 40, "type": "sm", "width": 84, "height": 150, "media": "40/sm/images.175008.019947.cb6a088c6cf28079ada484afae60df3b.jpg", "timestamp": "2025-12-28T19:10:19.334Z"}}, {"model": "thumbnail.thumbnail", "pk": 200, "fields": {"content_type": 27, "object_id": 40, "type": "xs", "width": 23, "height": 40, "media": "40/xs/images.175008.019947.cb6a088c6cf28079ada484afae60df3b.jpg", "timestamp": "2025-12-28T19:10:19.348Z"}}, {"model": "thumbnail.thumbnail", "pk": 201, "fields": {"content_type": 27, "object_id": 41, "type": "xl", "width": 480, "height": 600, "media": "41/xl/images.175008.019947.d18ae0e28cdb31ba70b7f6ceebfad9f2.jpg", "timestamp": "2025-12-28T19:10:48.707Z"}}, {"model": "thumbnail.thumbnail", "pk": 202, "fields": {"content_type": 27, "object_id": 41, "type": "lg", "width": 320, "height": 400, "media": "41/lg/images.175008.019947.d18ae0e28cdb31ba70b7f6ceebfad9f2.jpg", "timestamp": "2025-12-28T19:10:48.726Z"}}, {"model": "thumbnail.thumbnail", "pk": 203, "fields": {"content_type": 27, "object_id": 41, "type": "md", "width": 160, "height": 200, "media": "41/md/images.175008.019947.d18ae0e28cdb31ba70b7f6ceebfad9f2.jpg", "timestamp": "2025-12-28T19:10:48.745Z"}}, {"model": "thumbnail.thumbnail", "pk": 204, "fields": {"content_type": 27, "object_id": 41, "type": "sm", "width": 120, "height": 150, "media": "41/sm/images.175008.019947.d18ae0e28cdb31ba70b7f6ceebfad9f2.jpg", "timestamp": "2025-12-28T19:10:48.759Z"}}, {"model": "thumbnail.thumbnail", "pk": 205, "fields": {"content_type": 27, "object_id": 41, "type": "xs", "width": 32, "height": 40, "media": "41/xs/images.175008.019947.d18ae0e28cdb31ba70b7f6ceebfad9f2.jpg", "timestamp": "2025-12-28T19:10:48.771Z"}}, {"model": "thumbnail.thumbnail", "pk": 206, "fields": {"content_type": 27, "object_id": 42, "type": "xl", "width": 338, "height": 600, "media": "42/xl/images.175008.019947.0b352489d62493d06995a9bc6f587cf0.jpg", "timestamp": "2025-12-28T19:11:09.953Z"}}, {"model": "thumbnail.thumbnail", "pk": 207, "fields": {"content_type": 27, "object_id": 42, "type": "lg", "width": 225, "height": 400, "media": "42/lg/images.175008.019947.0b352489d62493d06995a9bc6f587cf0.jpg", "timestamp": "2025-12-28T19:11:09.979Z"}}, {"model": "thumbnail.thumbnail", "pk": 208, "fields": {"content_type": 27, "object_id": 42, "type": "md", "width": 113, "height": 200, "media": "42/md/images.175008.019947.0b352489d62493d06995a9bc6f587cf0.jpg", "timestamp": "2025-12-28T19:11:10.002Z"}}, {"model": "thumbnail.thumbnail", "pk": 209, "fields": {"content_type": 27, "object_id": 42, "type": "sm", "width": 84, "height": 150, "media": "42/sm/images.175008.019947.0b352489d62493d06995a9bc6f587cf0.jpg", "timestamp": "2025-12-28T19:11:10.015Z"}}, {"model": "thumbnail.thumbnail", "pk": 210, "fields": {"content_type": 27, "object_id": 42, "type": "xs", "width": 23, "height": 40, "media": "42/xs/images.175008.019947.0b352489d62493d06995a9bc6f587cf0.jpg", "timestamp": "2025-12-28T19:11:10.028Z"}}, {"model": "thumbnail.thumbnail", "pk": 211, "fields": {"content_type": 27, "object_id": 43, "type": "xl", "width": 430, "height": 600, "media": "43/xl/images.175008.019947.6ce5f54e7a9fdc6dfa936598528e13d8.jpg", "timestamp": "2025-12-28T19:26:20.842Z"}}, {"model": "thumbnail.thumbnail", "pk": 212, "fields": {"content_type": 27, "object_id": 43, "type": "lg", "width": 287, "height": 400, "media": "43/lg/images.175008.019947.6ce5f54e7a9fdc6dfa936598528e13d8.jpg", "timestamp": "2025-12-28T19:26:20.880Z"}}, {"model": "thumbnail.thumbnail", "pk": 213, "fields": {"content_type": 27, "object_id": 43, "type": "md", "width": 143, "height": 200, "media": "43/md/images.175008.019947.6ce5f54e7a9fdc6dfa936598528e13d8.jpg", "timestamp": "2025-12-28T19:26:20.915Z"}}, {"model": "thumbnail.thumbnail", "pk": 214, "fields": {"content_type": 27, "object_id": 43, "type": "sm", "width": 107, "height": 150, "media": "43/sm/images.175008.019947.6ce5f54e7a9fdc6dfa936598528e13d8.jpg", "timestamp": "2025-12-28T19:26:20.937Z"}}, {"model": "thumbnail.thumbnail", "pk": 215, "fields": {"content_type": 27, "object_id": 43, "type": "xs", "width": 29, "height": 40, "media": "43/xs/images.175008.019947.6ce5f54e7a9fdc6dfa936598528e13d8.jpg", "timestamp": "2025-12-28T19:26:20.960Z"}}, {"model": "thumbnail.thumbnail", "pk": 216, "fields": {"content_type": 27, "object_id": 44, "type": "xl", "width": 482, "height": 600, "media": "44/xl/images.175008.019947.2e00c9d12631166fceecdec0d2eaf878.jpg", "timestamp": "2025-12-28T19:26:32.505Z"}}, {"model": "thumbnail.thumbnail", "pk": 217, "fields": {"content_type": 27, "object_id": 44, "type": "lg", "width": 322, "height": 400, "media": "44/lg/images.175008.019947.2e00c9d12631166fceecdec0d2eaf878.jpg", "timestamp": "2025-12-28T19:26:32.551Z"}}, {"model": "thumbnail.thumbnail", "pk": 218, "fields": {"content_type": 27, "object_id": 44, "type": "md", "width": 161, "height": 200, "media": "44/md/images.175008.019947.2e00c9d12631166fceecdec0d2eaf878.jpg", "timestamp": "2025-12-28T19:26:32.589Z"}}, {"model": "thumbnail.thumbnail", "pk": 219, "fields": {"content_type": 27, "object_id": 44, "type": "sm", "width": 121, "height": 150, "media": "44/sm/images.175008.019947.2e00c9d12631166fceecdec0d2eaf878.jpg", "timestamp": "2025-12-28T19:26:32.613Z"}}, {"model": "thumbnail.thumbnail", "pk": 220, "fields": {"content_type": 27, "object_id": 44, "type": "xs", "width": 32, "height": 40, "media": "44/xs/images.175008.019947.2e00c9d12631166fceecdec0d2eaf878.jpg", "timestamp": "2025-12-28T19:26:32.639Z"}}, {"model": "thumbnail.thumbnail", "pk": 221, "fields": {"content_type": 27, "object_id": 45, "type": "xl", "width": 480, "height": 600, "media": "45/xl/images.175008.019947.e6d314ddf8c2400396ac58cb08d37c36.jpg", "timestamp": "2025-12-28T20:09:44.261Z"}}, {"model": "thumbnail.thumbnail", "pk": 222, "fields": {"content_type": 27, "object_id": 45, "type": "lg", "width": 320, "height": 400, "media": "45/lg/images.175008.019947.e6d314ddf8c2400396ac58cb08d37c36.jpg", "timestamp": "2025-12-28T20:09:44.290Z"}}, {"model": "thumbnail.thumbnail", "pk": 223, "fields": {"content_type": 27, "object_id": 45, "type": "md", "width": 160, "height": 200, "media": "45/md/images.175008.019947.e6d314ddf8c2400396ac58cb08d37c36.jpg", "timestamp": "2025-12-28T20:09:44.313Z"}}, {"model": "thumbnail.thumbnail", "pk": 224, "fields": {"content_type": 27, "object_id": 45, "type": "sm", "width": 120, "height": 150, "media": "45/sm/images.175008.019947.e6d314ddf8c2400396ac58cb08d37c36.jpg", "timestamp": "2025-12-28T20:09:44.333Z"}}, {"model": "thumbnail.thumbnail", "pk": 225, "fields": {"content_type": 27, "object_id": 45, "type": "xs", "width": 32, "height": 40, "media": "45/xs/images.175008.019947.e6d314ddf8c2400396ac58cb08d37c36.jpg", "timestamp": "2025-12-28T20:09:44.350Z"}}, {"model": "thumbnail.thumbnail", "pk": 226, "fields": {"content_type": 27, "object_id": 46, "type": "xl", "width": 487, "height": 600, "media": "46/xl/images.175008.019947.59590d89f4da623363a228751d69abe7.jpg", "timestamp": "2025-12-28T20:15:48.805Z"}}, {"model": "thumbnail.thumbnail", "pk": 227, "fields": {"content_type": 27, "object_id": 46, "type": "lg", "width": 325, "height": 400, "media": "46/lg/images.175008.019947.59590d89f4da623363a228751d69abe7.jpg", "timestamp": "2025-12-28T20:15:48.837Z"}}, {"model": "thumbnail.thumbnail", "pk": 228, "fields": {"content_type": 27, "object_id": 46, "type": "md", "width": 162, "height": 200, "media": "46/md/images.175008.019947.59590d89f4da623363a228751d69abe7.jpg", "timestamp": "2025-12-28T20:15:48.862Z"}}, {"model": "thumbnail.thumbnail", "pk": 229, "fields": {"content_type": 27, "object_id": 46, "type": "sm", "width": 122, "height": 150, "media": "46/sm/images.175008.019947.59590d89f4da623363a228751d69abe7.jpg", "timestamp": "2025-12-28T20:15:48.883Z"}}, {"model": "thumbnail.thumbnail", "pk": 230, "fields": {"content_type": 27, "object_id": 46, "type": "xs", "width": 32, "height": 40, "media": "46/xs/images.175008.019947.59590d89f4da623363a228751d69abe7.jpg", "timestamp": "2025-12-28T20:15:48.902Z"}}, {"model": "thumbnail.thumbnail", "pk": 231, "fields": {"content_type": 27, "object_id": 47, "type": "xl", "width": 487, "height": 600, "media": "47/xl/images.202427.327175.891a9cc88256214a7a0ce3d8b5f17a9c.jpg", "timestamp": "2025-12-28T20:28:13.619Z"}}, {"model": "thumbnail.thumbnail", "pk": 232, "fields": {"content_type": 27, "object_id": 47, "type": "lg", "width": 325, "height": 400, "media": "47/lg/images.202427.327175.891a9cc88256214a7a0ce3d8b5f17a9c.jpg", "timestamp": "2025-12-28T20:28:13.652Z"}}, {"model": "thumbnail.thumbnail", "pk": 233, "fields": {"content_type": 27, "object_id": 47, "type": "md", "width": 162, "height": 200, "media": "47/md/images.202427.327175.891a9cc88256214a7a0ce3d8b5f17a9c.jpg", "timestamp": "2025-12-28T20:28:13.678Z"}}, {"model": "thumbnail.thumbnail", "pk": 234, "fields": {"content_type": 27, "object_id": 47, "type": "sm", "width": 122, "height": 150, "media": "47/sm/images.202427.327175.891a9cc88256214a7a0ce3d8b5f17a9c.jpg", "timestamp": "2025-12-28T20:28:13.700Z"}}, {"model": "thumbnail.thumbnail", "pk": 235, "fields": {"content_type": 27, "object_id": 47, "type": "xs", "width": 32, "height": 40, "media": "47/xs/images.202427.327175.891a9cc88256214a7a0ce3d8b5f17a9c.jpg", "timestamp": "2025-12-28T20:28:13.721Z"}}, {"model": "thumbnail.thumbnail", "pk": 236, "fields": {"content_type": 27, "object_id": 48, "type": "xl", "width": 492, "height": 600, "media": "48/xl/images.202427.327175.f09394d0c9d141dadc760e0506a973c4.jpg", "timestamp": "2025-12-28T20:37:38.501Z"}}, {"model": "thumbnail.thumbnail", "pk": 237, "fields": {"content_type": 27, "object_id": 48, "type": "lg", "width": 328, "height": 400, "media": "48/lg/images.202427.327175.f09394d0c9d141dadc760e0506a973c4.jpg", "timestamp": "2025-12-28T20:37:38.532Z"}}, {"model": "thumbnail.thumbnail", "pk": 238, "fields": {"content_type": 27, "object_id": 48, "type": "md", "width": 164, "height": 200, "media": "48/md/images.202427.327175.f09394d0c9d141dadc760e0506a973c4.jpg", "timestamp": "2025-12-28T20:37:38.560Z"}}, {"model": "thumbnail.thumbnail", "pk": 239, "fields": {"content_type": 27, "object_id": 48, "type": "sm", "width": 123, "height": 150, "media": "48/sm/images.202427.327175.f09394d0c9d141dadc760e0506a973c4.jpg", "timestamp": "2025-12-28T20:37:38.579Z"}}, {"model": "thumbnail.thumbnail", "pk": 240, "fields": {"content_type": 27, "object_id": 48, "type": "xs", "width": 33, "height": 40, "media": "48/xs/images.202427.327175.f09394d0c9d141dadc760e0506a973c4.jpg", "timestamp": "2025-12-28T20:37:38.597Z"}}, {"model": "thumbnail.thumbnail", "pk": 241, "fields": {"content_type": 27, "object_id": 49, "type": "xl", "width": 485, "height": 600, "media": "49/xl/images.202427.327175.37055e733eeecf97467d1fcfa43a0bde.jpg", "timestamp": "2025-12-28T20:45:32.264Z"}}, {"model": "thumbnail.thumbnail", "pk": 242, "fields": {"content_type": 27, "object_id": 49, "type": "lg", "width": 323, "height": 400, "media": "49/lg/images.202427.327175.37055e733eeecf97467d1fcfa43a0bde.jpg", "timestamp": "2025-12-28T20:45:32.373Z"}}, {"model": "thumbnail.thumbnail", "pk": 243, "fields": {"content_type": 27, "object_id": 49, "type": "md", "width": 162, "height": 200, "media": "49/md/images.202427.327175.37055e733eeecf97467d1fcfa43a0bde.jpg", "timestamp": "2025-12-28T20:45:32.400Z"}}, {"model": "thumbnail.thumbnail", "pk": 244, "fields": {"content_type": 27, "object_id": 49, "type": "sm", "width": 121, "height": 150, "media": "49/sm/images.202427.327175.37055e733eeecf97467d1fcfa43a0bde.jpg", "timestamp": "2025-12-28T20:45:32.422Z"}}, {"model": "thumbnail.thumbnail", "pk": 245, "fields": {"content_type": 27, "object_id": 49, "type": "xs", "width": 32, "height": 40, "media": "49/xs/images.202427.327175.37055e733eeecf97467d1fcfa43a0bde.jpg", "timestamp": "2025-12-28T20:45:32.441Z"}}, {"model": "thumbnail.thumbnail", "pk": 246, "fields": {"content_type": 27, "object_id": 50, "type": "xl", "width": 337, "height": 600, "media": "50/xl/images.202427.327175.626a0526a7f0816fd2511626567e0a44.jpg", "timestamp": "2025-12-28T20:53:58.181Z"}}, {"model": "thumbnail.thumbnail", "pk": 247, "fields": {"content_type": 27, "object_id": 50, "type": "lg", "width": 225, "height": 400, "media": "50/lg/images.202427.327175.626a0526a7f0816fd2511626567e0a44.jpg", "timestamp": "2025-12-28T20:53:58.248Z"}}, {"model": "thumbnail.thumbnail", "pk": 248, "fields": {"content_type": 27, "object_id": 50, "type": "md", "width": 112, "height": 200, "media": "50/md/images.202427.327175.626a0526a7f0816fd2511626567e0a44.jpg", "timestamp": "2025-12-28T20:53:58.299Z"}}, {"model": "thumbnail.thumbnail", "pk": 249, "fields": {"content_type": 27, "object_id": 50, "type": "sm", "width": 84, "height": 150, "media": "50/sm/images.202427.327175.626a0526a7f0816fd2511626567e0a44.jpg", "timestamp": "2025-12-28T20:53:58.333Z"}}, {"model": "thumbnail.thumbnail", "pk": 250, "fields": {"content_type": 27, "object_id": 50, "type": "xs", "width": 22, "height": 40, "media": "50/xs/images.202427.327175.626a0526a7f0816fd2511626567e0a44.jpg", "timestamp": "2025-12-28T20:53:58.365Z"}}, {"model": "thumbnail.thumbnail", "pk": 251, "fields": {"content_type": 27, "object_id": 51, "type": "xl", "width": 475, "height": 600, "media": "51/xl/images.202427.327175.cdd1a1e2c3a5bd1ca0b2a12feaa7b2c7.jpg", "timestamp": "2025-12-28T20:54:24.651Z"}}, {"model": "thumbnail.thumbnail", "pk": 252, "fields": {"content_type": 27, "object_id": 51, "type": "lg", "width": 316, "height": 400, "media": "51/lg/images.202427.327175.cdd1a1e2c3a5bd1ca0b2a12feaa7b2c7.jpg", "timestamp": "2025-12-28T20:54:24.693Z"}}, {"model": "thumbnail.thumbnail", "pk": 253, "fields": {"content_type": 27, "object_id": 51, "type": "md", "width": 158, "height": 200, "media": "51/md/images.202427.327175.cdd1a1e2c3a5bd1ca0b2a12feaa7b2c7.jpg", "timestamp": "2025-12-28T20:54:24.733Z"}}, {"model": "thumbnail.thumbnail", "pk": 254, "fields": {"content_type": 27, "object_id": 51, "type": "sm", "width": 119, "height": 150, "media": "51/sm/images.202427.327175.cdd1a1e2c3a5bd1ca0b2a12feaa7b2c7.jpg", "timestamp": "2025-12-28T20:54:24.762Z"}}, {"model": "thumbnail.thumbnail", "pk": 255, "fields": {"content_type": 27, "object_id": 51, "type": "xs", "width": 32, "height": 40, "media": "51/xs/images.202427.327175.cdd1a1e2c3a5bd1ca0b2a12feaa7b2c7.jpg", "timestamp": "2025-12-28T20:54:24.792Z"}}, {"model": "thumbnail.thumbnail", "pk": 256, "fields": {"content_type": 27, "object_id": 52, "type": "xl", "width": 338, "height": 600, "media": "52/xl/images.202427.327175.d432a68d6e81f3a68751455b8a6cc713.jpg", "timestamp": "2025-12-28T20:55:21.394Z"}}, {"model": "thumbnail.thumbnail", "pk": 257, "fields": {"content_type": 27, "object_id": 52, "type": "lg", "width": 225, "height": 400, "media": "52/lg/images.202427.327175.d432a68d6e81f3a68751455b8a6cc713.jpg", "timestamp": "2025-12-28T20:55:21.419Z"}}, {"model": "thumbnail.thumbnail", "pk": 258, "fields": {"content_type": 27, "object_id": 52, "type": "md", "width": 113, "height": 200, "media": "52/md/images.202427.327175.d432a68d6e81f3a68751455b8a6cc713.jpg", "timestamp": "2025-12-28T20:55:21.442Z"}}, {"model": "thumbnail.thumbnail", "pk": 259, "fields": {"content_type": 27, "object_id": 52, "type": "sm", "width": 84, "height": 150, "media": "52/sm/images.202427.327175.d432a68d6e81f3a68751455b8a6cc713.jpg", "timestamp": "2025-12-28T20:55:21.459Z"}}, {"model": "thumbnail.thumbnail", "pk": 260, "fields": {"content_type": 27, "object_id": 52, "type": "xs", "width": 23, "height": 40, "media": "52/xs/images.202427.327175.d432a68d6e81f3a68751455b8a6cc713.jpg", "timestamp": "2025-12-28T20:55:21.477Z"}}, {"model": "thumbnail.thumbnail", "pk": 261, "fields": {"content_type": 27, "object_id": 53, "type": "xl", "width": 337, "height": 600, "media": "53/xl/images.202427.327175.a7a04db0d8021ed5bcf327076bcbb4d3.jpg", "timestamp": "2025-12-28T21:01:37.740Z"}}, {"model": "thumbnail.thumbnail", "pk": 262, "fields": {"content_type": 27, "object_id": 53, "type": "lg", "width": 225, "height": 400, "media": "53/lg/images.202427.327175.a7a04db0d8021ed5bcf327076bcbb4d3.jpg", "timestamp": "2025-12-28T21:01:37.792Z"}}, {"model": "thumbnail.thumbnail", "pk": 263, "fields": {"content_type": 27, "object_id": 53, "type": "md", "width": 112, "height": 200, "media": "53/md/images.202427.327175.a7a04db0d8021ed5bcf327076bcbb4d3.jpg", "timestamp": "2025-12-28T21:01:37.834Z"}}, {"model": "thumbnail.thumbnail", "pk": 264, "fields": {"content_type": 27, "object_id": 53, "type": "sm", "width": 84, "height": 150, "media": "53/sm/images.202427.327175.a7a04db0d8021ed5bcf327076bcbb4d3.jpg", "timestamp": "2025-12-28T21:01:37.861Z"}}, {"model": "thumbnail.thumbnail", "pk": 265, "fields": {"content_type": 27, "object_id": 53, "type": "xs", "width": 22, "height": 40, "media": "53/xs/images.202427.327175.a7a04db0d8021ed5bcf327076bcbb4d3.jpg", "timestamp": "2025-12-28T21:01:37.888Z"}}, {"model": "thumbnail.thumbnail", "pk": 266, "fields": {"content_type": 27, "object_id": 54, "type": "xl", "width": 506, "height": 600, "media": "54/xl/images.202427.327175.66bfa102df9609181e551471c124f85d.jpg", "timestamp": "2025-12-28T21:05:09.925Z"}}, {"model": "thumbnail.thumbnail", "pk": 267, "fields": {"content_type": 27, "object_id": 54, "type": "lg", "width": 338, "height": 400, "media": "54/lg/images.202427.327175.66bfa102df9609181e551471c124f85d.jpg", "timestamp": "2025-12-28T21:05:09.950Z"}}, {"model": "thumbnail.thumbnail", "pk": 268, "fields": {"content_type": 27, "object_id": 54, "type": "md", "width": 169, "height": 200, "media": "54/md/images.202427.327175.66bfa102df9609181e551471c124f85d.jpg", "timestamp": "2025-12-28T21:05:09.971Z"}}, {"model": "thumbnail.thumbnail", "pk": 269, "fields": {"content_type": 27, "object_id": 54, "type": "sm", "width": 127, "height": 150, "media": "54/sm/images.202427.327175.66bfa102df9609181e551471c124f85d.jpg", "timestamp": "2025-12-28T21:05:09.991Z"}}, {"model": "thumbnail.thumbnail", "pk": 270, "fields": {"content_type": 27, "object_id": 54, "type": "xs", "width": 34, "height": 40, "media": "54/xs/images.202427.327175.66bfa102df9609181e551471c124f85d.jpg", "timestamp": "2025-12-28T21:05:10.007Z"}}, {"model": "thumbnail.thumbnail", "pk": 271, "fields": {"content_type": 27, "object_id": 55, "type": "xl", "width": 337, "height": 600, "media": "55/xl/images.202427.327175.6dc694dd950273e64b673b5e8f283033.jpg", "timestamp": "2025-12-28T21:05:21.819Z"}}, {"model": "thumbnail.thumbnail", "pk": 272, "fields": {"content_type": 27, "object_id": 55, "type": "lg", "width": 225, "height": 400, "media": "55/lg/images.202427.327175.6dc694dd950273e64b673b5e8f283033.jpg", "timestamp": "2025-12-28T21:05:21.856Z"}}, {"model": "thumbnail.thumbnail", "pk": 273, "fields": {"content_type": 27, "object_id": 55, "type": "md", "width": 112, "height": 200, "media": "55/md/images.202427.327175.6dc694dd950273e64b673b5e8f283033.jpg", "timestamp": "2025-12-28T21:05:21.885Z"}}, {"model": "thumbnail.thumbnail", "pk": 274, "fields": {"content_type": 27, "object_id": 55, "type": "sm", "width": 84, "height": 150, "media": "55/sm/images.202427.327175.6dc694dd950273e64b673b5e8f283033.jpg", "timestamp": "2025-12-28T21:05:21.906Z"}}, {"model": "thumbnail.thumbnail", "pk": 275, "fields": {"content_type": 27, "object_id": 55, "type": "xs", "width": 22, "height": 40, "media": "55/xs/images.202427.327175.6dc694dd950273e64b673b5e8f283033.jpg", "timestamp": "2025-12-28T21:05:21.925Z"}}]